date,source,visites,pages_vues,taux_rebond
2024-01-01,Google Ads,3634,1643,69.27
2024-01-02,Google Ads,1020,1029,67.13
2024-01-03,Google Ads,3279,6793,26.43
2024-01-04,Google Ads,1814,3764,40.56
2024-01-05,Google Ads,1233,2002,47.51
2024-01-06,Google Ads,2314,2871,35.6
2024-01-07,Google Ads,476,2385,60.94
2024-01-08,Google Ads,3533,4299,53.69
2024-01-09,Google Ads,3201,8189,78.86
2024-01-10,Google Ads,4882,6254,30.96
2024-01-11,Google Ads,2431,665,53.67
2024-01-12,Google Ads,1922,8391,74.01
2024-01-13,Google Ads,4396,4869,22.37
2024-01-14,Google Ads,1375,7396,49.86
2024-01-15,Google Ads,2963,9927,32.78
2024-01-16,Google Ads,2853,7762,77.49
2024-01-17,Google Ads,2194,8091,59.92
2024-01-18,Google Ads,272,7842,36.38
2024-01-19,Google Ads,2341,9786,79.39
2024-01-20,Google Ads,2778,6986,33.1
2024-01-21,Google Ads,1599,5347,39.86
2024-01-22,Google Ads,3527,3387,60.51
2024-01-23,Google Ads,4730,5756,54.05
2024-01-24,Google Ads,1015,951,69.47
2024-01-25,Google Ads,2564,9889,60.16
2024-01-26,Google Ads,4796,6891,54.69
2024-01-27,Google Ads,2195,2530,40.13
2024-01-28,Google Ads,4595,8789,37.75
2024-01-29,Google Ads,3785,3870,25.88
2024-01-30,Google Ads,594,2435,44.18
2024-01-31,Google Ads,4618,8813,67.35
2024-02-01,Google Ads,4330,1865,37.07
2024-02-02,Google Ads,2831,2362,72.87
2024-02-03,Google Ads,1861,4758,68.08
2024-02-04,Google Ads,3092,6153,79.86
2024-02-05,Google Ads,203,4395,63.55
2024-02-06,Google Ads,3687,9891,22.95
2024-02-07,Google Ads,2928,9109,55.61
2024-02-08,Google Ads,3568,3301,38.11
2024-02-09,Google Ads,1987,1103,76.91
2024-02-10,Google Ads,3598,965,62.72
2024-02-11,Google Ads,2011,2011,66.97
2024-02-12,Google Ads,1208,4374,53.68
2024-02-13,Google Ads,1412,8582,78.02
2024-02-14,Google Ads,422,5141,30.24
2024-02-15,Google Ads,2922,4192,43.36
2024-02-16,Google Ads,4861,1024,50.0
2024-02-17,Google Ads,175,5123,53.2
2024-02-18,Google Ads,1566,9947,66.58
2024-02-19,Google Ads,4823,4410,63.71
2024-02-20,Google Ads,4891,3553,23.28
2024-02-21,Google Ads,2213,7360,63.42
2024-02-22,Google Ads,3275,2727,35.74
2024-02-23,Google Ads,143,4062,44.97
2024-02-24,Google Ads,1858,5845,47.01
2024-02-25,Google Ads,2078,933,61.61
2024-02-26,Google Ads,3016,7971,60.88
2024-02-27,Google Ads,1541,2797,42.71
2024-02-28,Google Ads,1263,1408,68.79
2024-02-29,Google Ads,3305,1765,27.29
2024-03-01,Google Ads,1758,4026,33.96
2024-03-02,Google Ads,3659,9151,45.48
2024-03-03,Google Ads,323,5886,33.13
2024-03-04,Google Ads,711,5294,75.66
2024-03-05,Google Ads,4275,5673,75.67
2024-03-06,Google Ads,1532,3380,30.24
2024-03-07,Google Ads,2880,6921,44.79
2024-03-08,Google Ads,2067,8316,79.52
2024-03-09,Google Ads,3146,8037,21.17
2024-03-10,Google Ads,1563,6781,22.6
2024-03-11,Google Ads,927,3614,70.58
2024-03-12,Google Ads,4303,8310,42.93
2024-03-13,Google Ads,4308,9780,63.84
2024-03-14,Google Ads,2015,7704,57.09
2024-03-15,Google Ads,3697,6041,61.66
2024-03-16,Google Ads,1992,3943,31.84
2024-03-17,Google Ads,2277,6152,52.83
2024-03-18,Google Ads,2952,341,58.78
2024-03-19,Google Ads,2249,8457,53.13
2024-03-20,Google Ads,1361,7329,76.68
2024-03-21,Google Ads,2425,6270,20.98
2024-03-22,Google Ads,4181,4851,32.88
2024-03-23,Google Ads,1896,238,24.42
2024-03-24,Google Ads,1727,4722,77.81
2024-03-25,Google Ads,1682,3814,34.04
2024-03-26,Google Ads,1978,8455,64.42
2024-03-27,Google Ads,3548,9673,28.74
2024-03-28,Google Ads,352,498,23.13
2024-03-29,Google Ads,1957,5871,31.46
2024-03-30,Google Ads,1893,6429,36.57
2024-03-31,Google Ads,3445,2759,47.5
2024-04-01,Google Ads,3402,9523,21.33
2024-04-02,Google Ads,3902,8126,57.04
2024-04-03,Google Ads,913,9638,59.38
2024-04-04,Google Ads,2856,9310,37.46
2024-04-05,Google Ads,2924,1633,35.89
2024-04-06,Google Ads,4849,946,31.42
2024-04-07,Google Ads,2852,3516,32.91
2024-04-08,Google Ads,1419,4517,59.02
2024-04-09,Google Ads,3068,8720,56.35
2024-04-10,Google Ads,1955,4977,74.89
2024-04-11,Google Ads,1795,8636,69.65
2024-04-12,Google Ads,3597,6887,54.56
2024-04-13,Google Ads,756,4294,30.04
2024-04-14,Google Ads,4869,7747,39.41
2024-04-15,Google Ads,4242,7059,48.56
2024-04-16,Google Ads,4877,290,45.24
2024-04-17,Google Ads,3521,8693,23.86
2024-04-18,Google Ads,4699,8929,41.49
2024-04-19,Google Ads,208,306,31.26
2024-04-20,Google Ads,1304,4053,54.49
2024-04-21,Google Ads,3137,9621,75.83
2024-04-22,Google Ads,678,594,28.39
2024-04-23,Google Ads,2679,3279,71.67
2024-04-24,Google Ads,4346,9070,35.73
2024-04-25,Google Ads,4088,6358,61.34
2024-04-26,Google Ads,2141,8139,56.44
2024-04-27,Google Ads,1512,4488,33.09
2024-04-28,Google Ads,3735,205,42.16
2024-04-29,Google Ads,1324,7433,52.8
2024-04-30,Google Ads,310,1974,74.71
2024-05-01,Google Ads,680,1178,31.06
2024-05-02,Google Ads,1831,7548,40.62
2024-05-03,Google Ads,4661,2970,79.66
2024-05-04,Google Ads,4840,8336,67.38
2024-05-05,Google Ads,4426,6362,43.05
2024-05-06,Google Ads,2736,724,28.53
2024-05-07,Google Ads,353,9349,50.04
2024-05-08,Google Ads,2877,8655,55.03
2024-05-09,Google Ads,1331,2624,35.5
2024-05-10,Google Ads,166,4101,62.72
2024-05-11,Google Ads,1959,5411,52.46
2024-05-12,Google Ads,3028,3618,42.02
2024-05-13,Google Ads,2198,6911,37.38
2024-05-14,Google Ads,2960,5613,37.1
2024-05-15,Google Ads,4080,6705,67.39
2024-05-16,Google Ads,4942,7184,49.89
2024-05-17,Google Ads,3960,8150,36.98
2024-05-18,Google Ads,3070,1797,67.31
2024-05-19,Google Ads,180,5508,21.31
2024-05-20,Google Ads,3187,5737,79.72
2024-05-21,Google Ads,4343,3808,73.32
2024-05-22,Google Ads,483,3784,64.58
2024-05-23,Google Ads,3604,2706,35.98
2024-05-24,Google Ads,3499,7638,73.39
2024-05-25,Google Ads,3985,2721,68.99
2024-05-26,Google Ads,2761,9974,68.08
2024-05-27,Google Ads,3672,5480,30.52
2024-05-28,Google Ads,4769,7160,56.93
2024-05-29,Google Ads,2523,5162,74.0
2024-05-30,Google Ads,4355,1205,50.27
2024-05-31,Google Ads,2416,2658,53.09
2024-06-01,Google Ads,2925,923,44.47
2024-06-02,Google Ads,1567,1491,60.2
2024-06-03,Google Ads,1568,6721,71.62
2024-06-04,Google Ads,2717,961,50.63
2024-06-05,Google Ads,855,6788,78.14
2024-06-06,Google Ads,2397,5275,44.21
2024-06-07,Google Ads,2527,5534,27.28
2024-06-08,Google Ads,2977,8854,20.87
2024-06-09,Google Ads,1808,3619,54.74
2024-06-10,Google Ads,3198,5711,68.8
2024-06-11,Google Ads,3128,4813,70.91
2024-06-12,Google Ads,1934,4483,77.82
2024-06-13,Google Ads,2687,3448,51.58
2024-06-14,Google Ads,261,3413,32.61
2024-06-15,Google Ads,4990,9841,60.7
2024-06-16,Google Ads,3954,3870,73.58
2024-06-17,Google Ads,616,2053,31.14
2024-06-18,Google Ads,3491,4718,40.87
2024-06-19,Google Ads,2460,1114,66.99
2024-06-20,Google Ads,4946,9295,34.08
2024-06-21,Google Ads,1621,2911,73.92
2024-06-22,Google Ads,2445,5180,70.54
2024-06-23,Google Ads,3827,4019,50.31
2024-06-24,Google Ads,1208,4543,79.86
2024-06-25,Google Ads,3087,9812,37.71
2024-06-26,Google Ads,3460,9408,75.89
2024-06-27,Google Ads,4363,4709,37.46
2024-06-28,Google Ads,2143,1364,61.68
2024-06-29,Google Ads,4683,8730,65.31
2024-06-30,Google Ads,639,691,59.03
2024-07-01,Google Ads,1793,8429,52.19
2024-07-02,Google Ads,529,3422,59.16
2024-07-03,Google Ads,945,5365,21.39
2024-07-04,Google Ads,3262,2758,72.86
2024-07-05,Google Ads,4971,9331,51.97
2024-07-06,Google Ads,654,6457,49.05
2024-07-07,Google Ads,2948,2967,54.48
2024-07-08,Google Ads,925,9815,54.24
2024-07-09,Google Ads,2578,6295,63.74
2024-07-10,Google Ads,2454,6358,25.25
2024-07-11,Google Ads,2560,9601,76.45
2024-07-12,Google Ads,2163,7385,76.44
2024-07-13,Google Ads,1447,3468,20.75
2024-07-14,Google Ads,1103,7653,51.45
2024-07-15,Google Ads,4342,6502,63.97
2024-07-16,Google Ads,3790,3936,36.78
2024-07-17,Google Ads,778,1586,58.35
2024-07-18,Google Ads,641,1062,59.36
2024-07-19,Google Ads,1151,2238,33.04
2024-07-20,Google Ads,1874,2457,32.63
2024-07-21,Google Ads,166,2743,65.14
2024-07-22,Google Ads,3747,1128,62.56
2024-07-23,Google Ads,4765,5300,71.79
2024-07-24,Google Ads,1094,2378,73.04
2024-07-25,Google Ads,4704,8827,29.48
2024-07-26,Google Ads,2983,7655,68.19
2024-07-27,Google Ads,3497,2412,59.84
2024-07-28,Google Ads,100,9699,58.69
2024-07-29,Google Ads,1339,8560,36.22
2024-07-30,Google Ads,3443,619,69.74
2024-07-31,Google Ads,4565,4176,79.39
2024-08-01,Google Ads,1660,6104,29.78
2024-08-02,Google Ads,492,7377,64.39
2024-08-03,Google Ads,298,5041,42.79
2024-08-04,Google Ads,4746,8530,31.27
2024-08-05,Google Ads,4154,8692,28.31
2024-08-06,Google Ads,742,3104,32.52
2024-08-07,Google Ads,614,728,71.1
2024-08-08,Google Ads,3498,6535,52.88
2024-08-09,Google Ads,1586,3905,73.51
2024-08-10,Google Ads,3386,6550,74.54
2024-08-11,Google Ads,4061,306,29.04
2024-08-12,Google Ads,4328,5652,57.72
2024-08-13,Google Ads,1462,2061,23.07
2024-08-14,Google Ads,2106,8433,36.43
2024-08-15,Google Ads,4735,7067,30.4
2024-08-16,Google Ads,4204,6154,70.32
2024-08-17,Google Ads,2146,8522,41.89
2024-08-18,Google Ads,2584,9225,79.61
2024-08-19,Google Ads,1867,6848,28.48
2024-08-20,Google Ads,2418,8364,33.7
2024-08-21,Google Ads,4818,7829,58.7
2024-08-22,Google Ads,4568,5198,78.12
2024-08-23,Google Ads,594,1843,64.0
2024-08-24,Google Ads,1609,6987,27.55
2024-08-25,Google Ads,2906,9593,44.87
2024-08-26,Google Ads,2773,988,79.77
2024-08-27,Google Ads,4309,1440,24.16
2024-08-28,Google Ads,1345,4688,37.12
2024-08-29,Google Ads,822,6355,27.46
2024-08-30,Google Ads,2717,2559,69.23
2024-08-31,Google Ads,2495,4812,70.02
2024-09-01,Google Ads,4218,8326,40.62
2024-09-02,Google Ads,571,3748,40.16
2024-09-03,Google Ads,4183,2018,68.81
2024-09-04,Google Ads,1629,1838,29.46
2024-09-05,Google Ads,686,1499,69.32
2024-09-06,Google Ads,3186,9031,25.8
2024-09-07,Google Ads,489,484,37.68
2024-09-08,Google Ads,2138,9662,50.23
2024-09-09,Google Ads,4226,6635,27.24
2024-09-10,Google Ads,878,9039,24.48
2024-09-11,Google Ads,4007,3429,36.2
2024-09-12,Google Ads,1074,7556,55.17
2024-09-13,Google Ads,979,3523,68.8
2024-09-14,Google Ads,4987,7361,63.94
2024-09-15,Google Ads,3953,9882,52.85
2024-09-16,Google Ads,3195,1214,59.67
2024-09-17,Google Ads,4026,6005,52.25
2024-09-18,Google Ads,1192,3033,52.47
2024-09-19,Google Ads,2770,2840,20.96
2024-09-20,Google Ads,3837,8497,42.99
2024-09-21,Google Ads,2241,2790,53.53
2024-09-22,Google Ads,3785,7743,55.66
2024-09-23,Google Ads,3731,6574,50.46
2024-09-24,Google Ads,349,4252,61.89
2024-09-25,Google Ads,3990,2430,42.1
2024-09-26,Google Ads,3622,1125,28.58
2024-09-27,Google Ads,3573,2905,21.91
2024-09-28,Google Ads,3670,3192,54.2
2024-09-29,Google Ads,127,4561,49.83
2024-09-30,Google Ads,3201,5859,34.15
2024-10-01,Google Ads,4652,1576,33.29
2024-10-02,Google Ads,1572,4782,54.88
2024-10-03,Google Ads,2951,1113,26.41
2024-10-04,Google Ads,3676,6194,28.15
2024-10-05,Google Ads,161,3152,34.93
2024-10-06,Google Ads,1309,7587,73.08
2024-10-07,Google Ads,681,8067,62.31
2024-10-08,Google Ads,3296,2913,53.45
2024-10-09,Google Ads,1961,5304,42.15
2024-10-10,Google Ads,2015,7131,45.06
2024-10-11,Google Ads,2595,1239,30.31
2024-10-12,Google Ads,569,7015,70.44
2024-10-13,Google Ads,1142,7997,30.92
2024-10-14,Google Ads,3883,8914,65.64
2024-10-15,Google Ads,2467,4613,34.37
2024-10-16,Google Ads,1851,1342,65.4
2024-10-17,Google Ads,652,941,38.24
2024-10-18,Google Ads,1302,5075,78.88
2024-10-19,Google Ads,2656,512,75.2
2024-10-20,Google Ads,171,3344,72.58
2024-10-21,Google Ads,4926,6671,30.87
2024-10-22,Google Ads,4942,8998,25.03
2024-10-23,Google Ads,1382,1831,77.85
2024-10-24,Google Ads,244,6462,46.14
2024-10-25,Google Ads,1618,221,72.55
2024-10-26,Google Ads,3241,2604,49.22
2024-10-27,Google Ads,1021,2825,58.95
2024-10-28,Google Ads,3347,1153,65.33
2024-10-29,Google Ads,4279,7298,52.08
2024-10-30,Google Ads,381,4108,76.22
2024-10-31,Google Ads,2521,4814,22.88
2024-11-01,Google Ads,2131,3859,70.1
2024-11-02,Google Ads,541,8594,61.27
2024-11-03,Google Ads,2940,7925,39.84
2024-11-04,Google Ads,3954,4291,48.21
2024-11-05,Google Ads,4803,2030,48.31
2024-11-06,Google Ads,4931,8586,22.58
2024-11-07,Google Ads,1658,4254,52.11
2024-11-08,Google Ads,704,6666,23.96
2024-11-09,Google Ads,4641,5931,50.97
2024-11-10,Google Ads,2177,6077,32.91
2024-11-11,Google Ads,2739,1838,70.02
2024-11-12,Google Ads,3684,8607,24.17
2024-11-13,Google Ads,3376,2981,37.7
2024-11-14,Google Ads,4103,875,44.51
2024-11-15,Google Ads,1380,3146,56.13
2024-11-16,Google Ads,4601,5773,79.25
2024-11-17,Google Ads,4040,6183,27.76
2024-11-18,Google Ads,2112,3341,42.37
2024-11-19,Google Ads,3745,6962,60.87
2024-11-20,Google Ads,3763,7435,42.43
2024-11-21,Google Ads,2703,3412,34.45
2024-11-22,Google Ads,2156,1458,68.9
2024-11-23,Google Ads,2169,1162,31.24
2024-11-24,Google Ads,780,5674,40.19
2024-11-25,Google Ads,357,4787,34.43
2024-11-26,Google Ads,4324,5343,77.64
2024-11-27,Google Ads,1133,8031,70.18
2024-11-28,Google Ads,3782,7680,47.66
2024-11-29,Google Ads,3771,6709,70.41
2024-11-30,Google Ads,277,3501,60.96
2024-12-01,Google Ads,847,3084,41.41
2024-12-02,Google Ads,3602,7686,32.56
2024-12-03,Google Ads,2833,8891,41.64
2024-12-04,Google Ads,3885,6217,51.09
2024-12-05,Google Ads,3063,5519,32.0
2024-12-06,Google Ads,727,447,36.41
2024-12-07,Google Ads,4911,9639,58.81
2024-12-08,Google Ads,287,3509,63.46
2024-12-09,Google Ads,929,8376,47.36
2024-12-10,Google Ads,1856,7245,78.18
2024-12-11,Google Ads,1278,4024,38.3
2024-12-12,Google Ads,2112,7855,74.7
2024-12-13,Google Ads,2460,5962,36.46
2024-12-14,Google Ads,3495,2806,64.14
2024-12-15,Google Ads,3882,3746,79.9
2024-12-16,Google Ads,3484,9767,70.02
2024-12-17,Google Ads,142,8215,48.52
2024-12-18,Google Ads,623,8151,27.48
2024-12-19,Google Ads,4286,9675,77.98
2024-12-20,Google Ads,4633,3768,63.24
2024-12-21,Google Ads,3257,3154,70.28
2024-12-22,Google Ads,1709,5343,54.37
2024-12-23,Google Ads,3096,5478,48.7
2024-12-24,Google Ads,4023,5663,24.71
2024-12-25,Google Ads,387,1599,23.72
2024-12-26,Google Ads,4407,8391,54.93
2024-12-27,Google Ads,3560,5675,31.33
2024-12-28,Google Ads,4414,4455,60.5
2024-12-29,Google Ads,445,3350,77.43
2024-12-30,Google Ads,1134,5789,41.35
2024-12-31,Google Ads,4815,3753,64.22
2025-01-01,Google Ads,4855,8112,74.68
2025-01-02,Google Ads,2190,2865,70.62
2025-01-03,Google Ads,681,9289,25.04
2025-01-04,Google Ads,1296,3261,60.64
2025-01-05,Google Ads,2514,3065,38.15
2025-01-06,Google Ads,1957,2150,74.17
2025-01-07,Google Ads,3361,352,30.25
2025-01-08,Google Ads,2842,2494,33.35
2025-01-09,Google Ads,3593,4084,49.51
2025-01-10,Google Ads,960,481,39.83
2025-01-11,Google Ads,2948,2443,41.57
2025-01-12,Google Ads,4107,4324,45.47
2025-01-13,Google Ads,1979,2326,28.63
2025-01-14,Google Ads,4364,2116,25.76
2025-01-15,Google Ads,1000,5672,31.58
2025-01-16,Google Ads,999,1815,52.04
2025-01-17,Google Ads,3390,9257,44.08
2025-01-18,Google Ads,2648,6276,59.84
2025-01-19,Google Ads,4344,8428,61.59
2025-01-20,Google Ads,2414,4369,57.83
2025-01-21,Google Ads,113,1344,33.63
2025-01-22,Google Ads,1373,1766,57.34
2025-01-23,Google Ads,519,8681,53.78
2025-01-24,Google Ads,4776,4860,58.26
2025-01-25,Google Ads,3524,5658,34.95
2025-01-26,Google Ads,3279,4828,79.31
2025-01-27,Google Ads,3098,9823,79.24
2025-01-28,Google Ads,4630,3879,72.73
2025-01-29,Google Ads,296,6151,34.29
2025-01-30,Google Ads,431,3500,65.16
2025-01-31,Google Ads,2940,9176,27.53
2025-02-01,Google Ads,705,5109,75.02
2025-02-02,Google Ads,1427,2475,33.44
2025-02-03,Google Ads,2110,7417,46.46
2025-02-04,Google Ads,3137,9593,58.62
2025-02-05,Google Ads,4100,8690,41.98
2025-02-06,Google Ads,4853,728,34.32
2025-02-07,Google Ads,1636,2981,67.57
2025-02-08,Google Ads,681,5241,68.75
2025-02-09,Google Ads,1768,2146,48.63
2025-02-10,Google Ads,614,3823,37.94
2025-02-11,Google Ads,701,4951,62.57
2025-02-12,Google Ads,1577,276,74.0
2025-02-13,Google Ads,3950,4758,68.23
2025-02-14,Google Ads,1966,1761,53.68
2025-02-15,Google Ads,1419,2724,23.58
2025-02-16,Google Ads,4297,1928,75.15
2025-02-17,Google Ads,3235,4200,74.51
2025-02-18,Google Ads,1715,6659,35.37
2025-02-19,Google Ads,2871,323,61.2
2025-02-20,Google Ads,2231,5754,42.42
2025-02-21,Google Ads,2621,4615,33.2
2025-02-22,Google Ads,2374,6327,20.64
2025-02-23,Google Ads,2403,1604,41.91
2025-02-24,Google Ads,4432,7513,32.66
2025-02-25,Google Ads,4685,2727,21.42
2025-02-26,Google Ads,2812,7846,51.6
2025-02-27,Google Ads,1803,4996,33.95
2025-02-28,Google Ads,636,2375,55.33
2025-03-01,Google Ads,4205,8132,45.1
2025-03-02,Google Ads,464,3481,40.48
2025-03-03,Google Ads,4870,3080,42.56
2025-03-04,Google Ads,2430,6788,54.43
2025-03-05,Google Ads,4191,6323,70.04
2025-03-06,Google Ads,512,7698,60.16
2025-03-07,Google Ads,454,1093,26.63
2025-03-08,Google Ads,2296,6535,54.02
2025-03-09,Google Ads,268,8677,66.13
2025-03-10,Google Ads,4342,944,38.66
2025-03-11,Google Ads,1615,1861,57.68
2025-03-12,Google Ads,4489,803,20.03
2025-03-13,Google Ads,4772,2206,76.38
2025-03-14,Google Ads,203,6930,36.06
2025-03-15,Google Ads,2742,7998,74.36
2025-03-16,Google Ads,1171,4365,33.0
2025-03-17,Google Ads,2411,6365,73.77
2025-03-18,Google Ads,4907,2547,53.28
2025-03-19,Google Ads,2758,6406,30.95
2025-03-20,Google Ads,4504,7033,39.15
2025-03-21,Google Ads,3042,3265,69.8
2025-03-22,Google Ads,2263,3646,77.17
2025-03-23,Google Ads,2719,8196,72.59
2025-03-24,Google Ads,4641,9435,72.29
2025-03-25,Google Ads,1582,9362,20.26
2025-03-26,Google Ads,3568,8841,46.9
2025-03-27,Google Ads,4028,7987,70.22
2025-03-28,Google Ads,1942,3926,22.11
2025-03-29,Google Ads,4608,4286,61.65
2025-03-30,Google Ads,1213,6765,50.07
2025-03-31,Google Ads,470,2518,67.42
2025-04-01,Google Ads,1354,6305,35.65
2025-04-02,Google Ads,1486,4730,72.93
2025-04-03,Google Ads,1676,232,37.8
2025-04-04,Google Ads,4495,4908,77.07
2025-04-05,Google Ads,3305,9796,58.43
2025-04-06,Google Ads,2011,7531,31.82
2025-04-07,Google Ads,1749,5677,66.56
2025-04-08,Google Ads,2750,530,52.09
2025-04-09,Google Ads,3468,4286,44.47
2025-04-10,Google Ads,1859,5120,48.33
2025-04-11,Google Ads,250,8711,43.96
2025-04-12,Google Ads,137,8592,62.45
2025-04-13,Google Ads,1154,3176,35.53
2025-04-14,Google Ads,4595,7092,50.72
2025-04-15,Google Ads,3806,9448,65.33
2025-04-16,Google Ads,998,1113,28.62
2025-04-17,Google Ads,3251,1317,37.51
2025-04-18,Google Ads,982,516,32.81
2025-04-19,Google Ads,755,4631,54.31
2025-04-20,Google Ads,2216,9439,44.72
2025-04-21,Google Ads,3353,4114,39.44
2025-04-22,Google Ads,1343,7629,41.47
2025-04-23,Google Ads,3002,4371,48.17
2025-04-24,Google Ads,4387,4577,45.1
2025-04-25,Google Ads,2273,2074,62.38
2025-04-26,Google Ads,1654,1160,61.56
2025-04-27,Google Ads,694,3516,21.6
2025-04-28,Google Ads,4454,5659,62.58
2025-04-29,Google Ads,3947,7875,33.32
2025-04-30,Google Ads,1538,5102,45.19
2025-05-01,Google Ads,1910,7185,33.35
2025-05-02,Google Ads,820,8311,27.14
2025-05-03,Google Ads,4516,8643,55.04
2025-05-04,Google Ads,920,8374,77.04
2025-05-05,Google Ads,1904,5525,42.32
2025-05-06,Google Ads,1694,3787,60.7
2025-05-07,Google Ads,3356,3300,47.18
2025-05-08,Google Ads,4110,1790,30.88
2025-05-09,Google Ads,111,2993,75.26
2025-05-10,Google Ads,3907,814,46.98
2025-05-11,Google Ads,507,5758,20.5
2025-05-12,Google Ads,1516,9405,47.4
2025-05-13,Google Ads,4263,8637,20.36
2025-05-14,Google Ads,3836,8312,67.64
2025-05-15,Google Ads,4039,608,42.07
2025-05-16,Google Ads,2938,6848,56.88
2025-05-17,Google Ads,3250,4050,66.0
2025-05-18,Google Ads,444,3656,21.66
2025-05-19,Google Ads,4896,1677,51.08
2025-05-20,Google Ads,3022,2605,58.28
2025-05-21,Google Ads,3181,2640,48.27
2025-05-22,Google Ads,4777,297,38.38
2025-05-23,Google Ads,2391,3320,47.79
2025-05-24,Google Ads,3487,2185,43.59
2025-05-25,Google Ads,4032,4206,56.69
2025-05-26,Google Ads,3639,5562,48.15
2025-05-27,Google Ads,4004,1595,27.81
2025-05-28,Google Ads,1593,5130,25.04
2025-05-29,Google Ads,3996,8818,29.79
2025-05-30,Google Ads,573,7703,23.94
2025-05-31,Google Ads,1379,9968,35.21
2025-06-01,Google Ads,943,8997,24.2
2024-01-01,Facebook,3698,8538,56.21
2024-01-02,Facebook,3813,8691,46.68
2024-01-03,Facebook,4570,5345,35.33
2024-01-04,Facebook,3631,3165,20.75
2024-01-05,Facebook,674,5965,28.77
2024-01-06,Facebook,379,8940,60.0
2024-01-07,Facebook,867,3212,34.96
2024-01-08,Facebook,3685,4274,39.98
2024-01-09,Facebook,4789,4501,24.58
2024-01-10,Facebook,703,9872,52.9
2024-01-11,Facebook,2876,6511,68.26
2024-01-12,Facebook,2666,575,41.2
2024-01-13,Facebook,1616,5522,26.88
2024-01-14,Facebook,2651,9297,77.24
2024-01-15,Facebook,4623,8260,50.68
2024-01-16,Facebook,1626,1382,25.37
2024-01-17,Facebook,1590,6848,49.84
2024-01-18,Facebook,144,9047,22.7
2024-01-19,Facebook,3566,5676,23.32
2024-01-20,Facebook,2348,4594,39.11
2024-01-21,Facebook,3294,8514,60.64
2024-01-22,Facebook,1642,3538,62.3
2024-01-23,Facebook,4224,1854,74.09
2024-01-24,Facebook,1606,1647,26.48
2024-01-25,Facebook,1787,8282,47.84
2024-01-26,Facebook,2470,9992,48.58
2024-01-27,Facebook,4804,3457,47.65
2024-01-28,Facebook,2519,8546,70.49
2024-01-29,Facebook,1553,6300,68.68
2024-01-30,Facebook,1422,2416,50.46
2024-01-31,Facebook,2738,9301,66.71
2024-02-01,Facebook,2734,8128,23.55
2024-02-02,Facebook,1099,4635,51.93
2024-02-03,Facebook,1783,6188,25.69
2024-02-04,Facebook,2603,8614,72.02
2024-02-05,Facebook,2902,3737,50.19
2024-02-06,Facebook,3992,8381,21.05
2024-02-07,Facebook,3188,1236,52.98
2024-02-08,Facebook,595,9107,64.27
2024-02-09,Facebook,599,413,28.09
2024-02-10,Facebook,4785,214,36.97
2024-02-11,Facebook,2426,4722,46.9
2024-02-12,Facebook,4539,9972,44.88
2024-02-13,Facebook,3418,3132,50.17
2024-02-14,Facebook,2587,2031,20.99
2024-02-15,Facebook,1023,2543,64.29
2024-02-16,Facebook,2942,3524,38.92
2024-02-17,Facebook,4139,9207,62.11
2024-02-18,Facebook,1122,9076,71.31
2024-02-19,Facebook,4771,4023,61.24
2024-02-20,Facebook,2450,7553,60.32
2024-02-21,Facebook,4690,4793,54.74
2024-02-22,Facebook,3171,2394,20.06
2024-02-23,Facebook,916,3391,74.23
2024-02-24,Facebook,656,6519,70.01
2024-02-25,Facebook,4253,9443,31.67
2024-02-26,Facebook,1505,1651,30.82
2024-02-27,Facebook,3148,2206,22.21
2024-02-28,Facebook,723,4317,42.77
2024-02-29,Facebook,3773,6825,79.11
2024-03-01,Facebook,3413,695,25.84
2024-03-02,Facebook,3498,2278,53.9
2024-03-03,Facebook,365,9506,35.89
2024-03-04,Facebook,2954,3532,71.7
2024-03-05,Facebook,2461,9415,50.43
2024-03-06,Facebook,4067,7780,71.21
2024-03-07,Facebook,2478,326,75.78
2024-03-08,Facebook,1005,2073,58.02
2024-03-09,Facebook,3249,2340,36.97
2024-03-10,Facebook,3488,7049,46.91
2024-03-11,Facebook,2597,7637,57.89
2024-03-12,Facebook,128,6302,59.05
2024-03-13,Facebook,1813,4738,24.02
2024-03-14,Facebook,1487,5884,41.03
2024-03-15,Facebook,2919,6318,51.94
2024-03-16,Facebook,4292,4524,40.18
2024-03-17,Facebook,849,2552,54.68
2024-03-18,Facebook,780,9927,30.56
2024-03-19,Facebook,4717,7235,22.08
2024-03-20,Facebook,2703,1608,40.48
2024-03-21,Facebook,1277,1098,54.09
2024-03-22,Facebook,3311,6810,20.66
2024-03-23,Facebook,2167,6549,56.7
2024-03-24,Facebook,3653,9319,41.27
2024-03-25,Facebook,390,478,79.59
2024-03-26,Facebook,3536,4274,66.97
2024-03-27,Facebook,313,4274,37.46
2024-03-28,Facebook,756,7830,78.29
2024-03-29,Facebook,3583,8619,36.7
2024-03-30,Facebook,1971,7346,26.5
2024-03-31,Facebook,3080,7133,21.61
2024-04-01,Facebook,4437,6918,67.01
2024-04-02,Facebook,2631,823,39.15
2024-04-03,Facebook,834,9303,79.06
2024-04-04,Facebook,2032,6230,57.09
2024-04-05,Facebook,4081,2833,29.86
2024-04-06,Facebook,1081,9902,40.16
2024-04-07,Facebook,3052,4786,50.74
2024-04-08,Facebook,4331,1340,63.3
2024-04-09,Facebook,561,9240,55.48
2024-04-10,Facebook,4312,5285,35.6
2024-04-11,Facebook,1706,7286,48.56
2024-04-12,Facebook,4006,4284,32.99
2024-04-13,Facebook,3527,6493,40.99
2024-04-14,Facebook,3194,9446,37.13
2024-04-15,Facebook,2956,9572,73.91
2024-04-16,Facebook,3002,6488,67.28
2024-04-17,Facebook,3630,1241,51.9
2024-04-18,Facebook,2122,2156,30.45
2024-04-19,Facebook,3901,3843,55.62
2024-04-20,Facebook,1955,5604,41.27
2024-04-21,Facebook,1118,7088,22.24
2024-04-22,Facebook,4780,9634,61.35
2024-04-23,Facebook,1601,2865,35.34
2024-04-24,Facebook,4046,4640,34.05
2024-04-25,Facebook,1602,7618,59.83
2024-04-26,Facebook,3693,6749,72.29
2024-04-27,Facebook,3364,8957,36.92
2024-04-28,Facebook,2859,1172,66.65
2024-04-29,Facebook,202,8728,73.14
2024-04-30,Facebook,1773,1838,32.66
2024-05-01,Facebook,1979,2171,75.05
2024-05-02,Facebook,1359,1352,36.99
2024-05-03,Facebook,438,8625,33.07
2024-05-04,Facebook,3361,3126,41.64
2024-05-05,Facebook,3288,5620,33.69
2024-05-06,Facebook,2218,6104,54.35
2024-05-07,Facebook,3116,1851,48.37
2024-05-08,Facebook,2058,9808,60.19
2024-05-09,Facebook,3402,2849,63.46
2024-05-10,Facebook,2063,6440,24.91
2024-05-11,Facebook,3622,5395,29.22
2024-05-12,Facebook,1832,8114,67.38
2024-05-13,Facebook,3625,6962,23.97
2024-05-14,Facebook,3267,854,59.53
2024-05-15,Facebook,2443,2709,59.81
2024-05-16,Facebook,3441,1382,64.23
2024-05-17,Facebook,2819,1609,33.12
2024-05-18,Facebook,3834,4909,29.06
2024-05-19,Facebook,4793,2625,47.0
2024-05-20,Facebook,3137,9032,22.57
2024-05-21,Facebook,1752,1204,70.51
2024-05-22,Facebook,3229,567,64.81
2024-05-23,Facebook,2937,5840,73.08
2024-05-24,Facebook,1827,462,24.19
2024-05-25,Facebook,2477,1781,75.25
2024-05-26,Facebook,2503,3180,65.4
2024-05-27,Facebook,4671,8001,26.77
2024-05-28,Facebook,2939,4984,26.28
2024-05-29,Facebook,3627,9167,74.0
2024-05-30,Facebook,631,574,47.97
2024-05-31,Facebook,3814,5819,79.93
2024-06-01,Facebook,3882,2292,58.1
2024-06-02,Facebook,634,9657,61.27
2024-06-03,Facebook,2590,3180,48.07
2024-06-04,Facebook,1478,5627,46.21
2024-06-05,Facebook,3716,1956,68.11
2024-06-06,Facebook,2518,6042,46.92
2024-06-07,Facebook,145,7142,49.9
2024-06-08,Facebook,3206,8302,43.45
2024-06-09,Facebook,121,3066,31.78
2024-06-10,Facebook,2248,3070,70.93
2024-06-11,Facebook,585,9792,33.24
2024-06-12,Facebook,3212,6865,38.1
2024-06-13,Facebook,3693,7680,55.57
2024-06-14,Facebook,456,9555,39.57
2024-06-15,Facebook,1749,4930,41.2
2024-06-16,Facebook,4586,7505,20.23
2024-06-17,Facebook,2189,778,68.06
2024-06-18,Facebook,3310,4431,49.67
2024-06-19,Facebook,1588,6668,31.77
2024-06-20,Facebook,4194,1835,62.73
2024-06-21,Facebook,4267,7517,59.36
2024-06-22,Facebook,3754,5963,42.58
2024-06-23,Facebook,1742,5207,54.69
2024-06-24,Facebook,864,8300,60.0
2024-06-25,Facebook,2219,773,23.72
2024-06-26,Facebook,1860,2371,45.06
2024-06-27,Facebook,2793,3833,51.48
2024-06-28,Facebook,145,7906,63.4
2024-06-29,Facebook,1512,4987,42.9
2024-06-30,Facebook,1715,2703,30.25
2024-07-01,Facebook,4112,2609,25.38
2024-07-02,Facebook,3441,1449,68.56
2024-07-03,Facebook,133,3813,48.75
2024-07-04,Facebook,3099,9632,33.76
2024-07-05,Facebook,3989,6637,68.29
2024-07-06,Facebook,2117,3798,68.72
2024-07-07,Facebook,4025,8291,59.08
2024-07-08,Facebook,2018,8464,27.21
2024-07-09,Facebook,1563,6476,38.21
2024-07-10,Facebook,4599,684,72.95
2024-07-11,Facebook,368,8814,27.29
2024-07-12,Facebook,3008,2607,62.03
2024-07-13,Facebook,300,2627,35.36
2024-07-14,Facebook,4418,6655,22.05
2024-07-15,Facebook,1168,7384,61.34
2024-07-16,Facebook,1577,4442,35.89
2024-07-17,Facebook,657,585,64.58
2024-07-18,Facebook,2467,2327,42.02
2024-07-19,Facebook,2190,2535,33.16
2024-07-20,Facebook,3568,4717,74.6
2024-07-21,Facebook,3090,4795,41.31
2024-07-22,Facebook,3128,6185,74.87
2024-07-23,Facebook,1348,5558,77.68
2024-07-24,Facebook,505,6827,44.39
2024-07-25,Facebook,3486,2981,63.1
2024-07-26,Facebook,2832,3142,43.79
2024-07-27,Facebook,1536,7436,59.39
2024-07-28,Facebook,4404,8463,66.31
2024-07-29,Facebook,373,4957,58.31
2024-07-30,Facebook,195,8248,37.37
2024-07-31,Facebook,4205,8648,38.49
2024-08-01,Facebook,4972,1810,71.7
2024-08-02,Facebook,4862,9709,53.84
2024-08-03,Facebook,1917,1918,74.09
2024-08-04,Facebook,3420,1479,45.13
2024-08-05,Facebook,2476,2053,35.8
2024-08-06,Facebook,2599,9689,56.49
2024-08-07,Facebook,2327,9241,73.4
2024-08-08,Facebook,461,3342,50.08
2024-08-09,Facebook,2483,7585,36.67
2024-08-10,Facebook,509,4791,33.29
2024-08-11,Facebook,3687,1085,46.95
2024-08-12,Facebook,4001,8061,71.26
2024-08-13,Facebook,2367,1146,37.14
2024-08-14,Facebook,596,8787,53.22
2024-08-15,Facebook,3462,4761,30.38
2024-08-16,Facebook,2822,5865,64.58
2024-08-17,Facebook,1487,8606,47.55
2024-08-18,Facebook,4088,2180,34.32
2024-08-19,Facebook,4808,6160,65.3
2024-08-20,Facebook,1278,7150,63.68
2024-08-21,Facebook,4976,3219,22.01
2024-08-22,Facebook,2457,4076,46.5
2024-08-23,Facebook,4457,8787,55.58
2024-08-24,Facebook,2050,9235,35.36
2024-08-25,Facebook,4794,1864,23.38
2024-08-26,Facebook,3087,8072,37.04
2024-08-27,Facebook,2333,6139,72.03
2024-08-28,Facebook,1161,5957,40.36
2024-08-29,Facebook,851,9644,67.2
2024-08-30,Facebook,1667,5444,62.13
2024-08-31,Facebook,4070,6576,77.52
2024-09-01,Facebook,2885,6217,72.32
2024-09-02,Facebook,1007,8596,76.5
2024-09-03,Facebook,2759,8651,21.4
2024-09-04,Facebook,3026,7770,37.84
2024-09-05,Facebook,3345,5492,72.37
2024-09-06,Facebook,4848,5480,42.36
2024-09-07,Facebook,3476,1496,23.16
2024-09-08,Facebook,446,5071,75.72
2024-09-09,Facebook,589,5435,47.12
2024-09-10,Facebook,1613,1847,23.11
2024-09-11,Facebook,675,6241,37.03
2024-09-12,Facebook,1277,8688,71.35
2024-09-13,Facebook,2708,2644,67.38
2024-09-14,Facebook,601,8090,79.83
2024-09-15,Facebook,4188,4447,46.4
2024-09-16,Facebook,4431,1936,38.15
2024-09-17,Facebook,2406,6789,27.99
2024-09-18,Facebook,4690,8999,37.88
2024-09-19,Facebook,583,9480,31.98
2024-09-20,Facebook,529,1638,60.08
2024-09-21,Facebook,1290,2393,65.97
2024-09-22,Facebook,945,3781,68.22
2024-09-23,Facebook,4745,776,65.13
2024-09-24,Facebook,2600,3641,49.42
2024-09-25,Facebook,161,5114,43.55
2024-09-26,Facebook,2932,731,26.01
2024-09-27,Facebook,267,8741,54.72
2024-09-28,Facebook,330,7419,47.17
2024-09-29,Facebook,1158,5060,34.6
2024-09-30,Facebook,821,4416,68.15
2024-10-01,Facebook,4408,4357,62.66
2024-10-02,Facebook,2428,9426,54.09
2024-10-03,Facebook,2418,753,32.03
2024-10-04,Facebook,4854,1472,54.2
2024-10-05,Facebook,2326,288,32.25
2024-10-06,Facebook,4546,5822,63.94
2024-10-07,Facebook,1841,6516,30.34
2024-10-08,Facebook,1148,6317,64.37
2024-10-09,Facebook,867,4736,52.45
2024-10-10,Facebook,4918,9070,78.6
2024-10-11,Facebook,2298,6895,48.01
2024-10-12,Facebook,4918,3496,34.38
2024-10-13,Facebook,1204,6734,70.38
2024-10-14,Facebook,3663,8857,54.82
2024-10-15,Facebook,1602,8755,52.21
2024-10-16,Facebook,406,3439,26.32
2024-10-17,Facebook,2768,8810,42.84
2024-10-18,Facebook,4651,6033,20.28
2024-10-19,Facebook,538,8094,32.93
2024-10-20,Facebook,2525,725,51.51
2024-10-21,Facebook,3156,7066,48.4
2024-10-22,Facebook,1936,6330,54.04
2024-10-23,Facebook,380,421,72.09
2024-10-24,Facebook,1309,6480,35.61
2024-10-25,Facebook,2901,6412,60.62
2024-10-26,Facebook,3490,5102,53.07
2024-10-27,Facebook,4859,3892,69.23
2024-10-28,Facebook,2963,4007,36.04
2024-10-29,Facebook,3703,9071,79.42
2024-10-30,Facebook,643,355,59.83
2024-10-31,Facebook,4160,6840,22.43
2024-11-01,Facebook,1175,8587,20.28
2024-11-02,Facebook,3323,7020,72.07
2024-11-03,Facebook,2630,4771,35.7
2024-11-04,Facebook,3126,6572,34.22
2024-11-05,Facebook,2347,7775,52.99
2024-11-06,Facebook,363,5225,30.16
2024-11-07,Facebook,845,690,37.32
2024-11-08,Facebook,4052,6364,50.97
2024-11-09,Facebook,598,7310,78.91
2024-11-10,Facebook,560,7791,29.19
2024-11-11,Facebook,2558,6451,22.52
2024-11-12,Facebook,4031,3621,62.48
2024-11-13,Facebook,4774,6651,56.97
2024-11-14,Facebook,3177,8970,38.8
2024-11-15,Facebook,1267,6760,36.76
2024-11-16,Facebook,2209,4306,72.07
2024-11-17,Facebook,824,9758,39.28
2024-11-18,Facebook,1269,3696,55.58
2024-11-19,Facebook,2398,7712,45.52
2024-11-20,Facebook,3284,7599,51.65
2024-11-21,Facebook,2739,5624,73.29
2024-11-22,Facebook,4853,8579,46.86
2024-11-23,Facebook,4977,1703,69.53
2024-11-24,Facebook,2644,4311,56.13
2024-11-25,Facebook,4974,2971,41.81
2024-11-26,Facebook,3173,9423,21.49
2024-11-27,Facebook,4476,1547,60.05
2024-11-28,Facebook,3933,9317,61.79
2024-11-29,Facebook,550,508,79.58
2024-11-30,Facebook,1373,3766,62.66
2024-12-01,Facebook,1568,7816,69.18
2024-12-02,Facebook,1803,5986,30.04
2024-12-03,Facebook,1132,2726,65.78
2024-12-04,Facebook,4609,8605,41.12
2024-12-05,Facebook,4685,4430,78.8
2024-12-06,Facebook,953,9367,47.1
2024-12-07,Facebook,4749,4706,47.89
2024-12-08,Facebook,4319,6922,49.85
2024-12-09,Facebook,792,9727,38.47
2024-12-10,Facebook,1425,4889,42.78
2024-12-11,Facebook,2885,4565,43.54
2024-12-12,Facebook,1183,4680,50.78
2024-12-13,Facebook,3804,4314,28.48
2024-12-14,Facebook,2714,2570,55.85
2024-12-15,Facebook,3481,1053,52.34
2024-12-16,Facebook,1970,7030,78.94
2024-12-17,Facebook,2402,5296,72.47
2024-12-18,Facebook,4253,8584,47.75
2024-12-19,Facebook,2254,1188,61.88
2024-12-20,Facebook,4800,9678,59.34
2024-12-21,Facebook,3122,9744,34.09
2024-12-22,Facebook,1033,1210,39.98
2024-12-23,Facebook,1381,3495,22.01
2024-12-24,Facebook,3291,3841,25.74
2024-12-25,Facebook,2520,551,38.58
2024-12-26,Facebook,4486,3351,66.69
2024-12-27,Facebook,831,375,62.94
2024-12-28,Facebook,3851,365,77.85
2024-12-29,Facebook,3861,8815,41.99
2024-12-30,Facebook,2301,9242,40.57
2024-12-31,Facebook,2499,6952,26.18
2025-01-01,Facebook,1266,7020,67.26
2025-01-02,Facebook,3132,9146,29.93
2025-01-03,Facebook,3928,5553,77.2
2025-01-04,Facebook,3679,7447,38.95
2025-01-05,Facebook,4605,4035,58.84
2025-01-06,Facebook,3109,4441,47.03
2025-01-07,Facebook,899,4894,33.45
2025-01-08,Facebook,3522,3711,47.36
2025-01-09,Facebook,2334,2475,39.56
2025-01-10,Facebook,486,3688,57.53
2025-01-11,Facebook,864,3188,53.07
2025-01-12,Facebook,4007,5531,24.96
2025-01-13,Facebook,4083,9794,24.33
2025-01-14,Facebook,3490,8297,77.91
2025-01-15,Facebook,2925,9023,38.09
2025-01-16,Facebook,3928,6225,25.43
2025-01-17,Facebook,278,1937,30.91
2025-01-18,Facebook,1736,5485,29.27
2025-01-19,Facebook,3254,3699,32.59
2025-01-20,Facebook,3265,4038,22.81
2025-01-21,Facebook,1575,2000,31.86
2025-01-22,Facebook,1618,6201,76.48
2025-01-23,Facebook,929,4613,54.32
2025-01-24,Facebook,1499,744,39.52
2025-01-25,Facebook,2465,2899,67.37
2025-01-26,Facebook,2819,903,73.75
2025-01-27,Facebook,890,9412,24.24
2025-01-28,Facebook,3638,4883,40.66
2025-01-29,Facebook,814,7345,69.12
2025-01-30,Facebook,1402,4869,56.43
2025-01-31,Facebook,1558,572,60.94
2025-02-01,Facebook,1229,3354,53.57
2025-02-02,Facebook,4875,1668,24.93
2025-02-03,Facebook,3355,4357,71.05
2025-02-04,Facebook,1323,2861,34.3
2025-02-05,Facebook,2161,294,26.19
2025-02-06,Facebook,3922,4729,40.37
2025-02-07,Facebook,1875,3390,64.72
2025-02-08,Facebook,2905,2126,72.8
2025-02-09,Facebook,4258,5233,59.03
2025-02-10,Facebook,3403,872,41.49
2025-02-11,Facebook,4166,438,63.69
2025-02-12,Facebook,1925,9137,65.99
2025-02-13,Facebook,515,2986,75.38
2025-02-14,Facebook,3977,5246,27.12
2025-02-15,Facebook,2527,7120,28.41
2025-02-16,Facebook,4049,5101,46.18
2025-02-17,Facebook,4094,9562,40.43
2025-02-18,Facebook,2360,6697,66.33
2025-02-19,Facebook,3824,8179,55.3
2025-02-20,Facebook,2520,4613,25.76
2025-02-21,Facebook,520,7090,52.07
2025-02-22,Facebook,528,1008,37.13
2025-02-23,Facebook,4321,1790,44.44
2025-02-24,Facebook,4237,918,24.89
2025-02-25,Facebook,1227,2646,22.1
2025-02-26,Facebook,4101,3749,77.92
2025-02-27,Facebook,2521,7810,64.5
2025-02-28,Facebook,2221,3957,59.19
2025-03-01,Facebook,2814,7445,60.58
2025-03-02,Facebook,179,2858,58.26
2025-03-03,Facebook,1805,9897,42.76
2025-03-04,Facebook,893,475,49.87
2025-03-05,Facebook,2455,942,75.52
2025-03-06,Facebook,3838,6412,42.25
2025-03-07,Facebook,4613,3432,31.47
2025-03-08,Facebook,4654,8547,23.25
2025-03-09,Facebook,2150,2428,35.63
2025-03-10,Facebook,586,7019,27.87
2025-03-11,Facebook,2812,7545,59.06
2025-03-12,Facebook,4900,5970,34.19
2025-03-13,Facebook,4149,6977,39.94
2025-03-14,Facebook,332,7033,25.74
2025-03-15,Facebook,1416,4915,46.13
2025-03-16,Facebook,3666,2279,77.29
2025-03-17,Facebook,2800,7390,46.34
2025-03-18,Facebook,1711,6516,65.07
2025-03-19,Facebook,1197,9945,54.2
2025-03-20,Facebook,4804,4081,39.06
2025-03-21,Facebook,1742,1639,76.48
2025-03-22,Facebook,4275,3742,51.09
2025-03-23,Facebook,1828,3839,66.32
2025-03-24,Facebook,2702,2556,27.35
2025-03-25,Facebook,2380,5746,33.6
2025-03-26,Facebook,3854,3097,47.18
2025-03-27,Facebook,878,4154,66.17
2025-03-28,Facebook,3916,964,68.95
2025-03-29,Facebook,3001,286,78.67
2025-03-30,Facebook,3205,3549,77.04
2025-03-31,Facebook,2125,2345,45.37
2025-04-01,Facebook,1702,3242,51.91
2025-04-02,Facebook,860,1687,21.53
2025-04-03,Facebook,4144,8008,49.36
2025-04-04,Facebook,2926,5304,22.22
2025-04-05,Facebook,4757,4218,20.79
2025-04-06,Facebook,2769,5361,53.37
2025-04-07,Facebook,4395,8187,73.86
2025-04-08,Facebook,4041,6822,77.9
2025-04-09,Facebook,1586,2743,64.04
2025-04-10,Facebook,1113,4511,64.85
2025-04-11,Facebook,4225,6278,46.51
2025-04-12,Facebook,4123,8872,53.99
2025-04-13,Facebook,4192,7556,55.05
2025-04-14,Facebook,460,9529,24.19
2025-04-15,Facebook,4136,4229,22.74
2025-04-16,Facebook,502,7238,28.72
2025-04-17,Facebook,1684,7519,67.69
2025-04-18,Facebook,1349,1269,53.67
2025-04-19,Facebook,4784,9030,55.47
2025-04-20,Facebook,212,1109,40.95
2025-04-21,Facebook,4129,1899,72.11
2025-04-22,Facebook,4092,3617,77.81
2025-04-23,Facebook,4657,8356,32.82
2025-04-24,Facebook,2689,1675,38.9
2025-04-25,Facebook,4266,7397,39.69
2025-04-26,Facebook,1373,2115,77.77
2025-04-27,Facebook,1317,6663,51.07
2025-04-28,Facebook,1414,9023,54.05
2025-04-29,Facebook,3086,9167,42.09
2025-04-30,Facebook,4630,6183,73.96
2025-05-01,Facebook,2337,9834,31.46
2025-05-02,Facebook,1887,4271,47.43
2025-05-03,Facebook,500,7398,33.53
2025-05-04,Facebook,4118,820,55.11
2025-05-05,Facebook,2815,9577,52.87
2025-05-06,Facebook,696,6732,27.87
2025-05-07,Facebook,918,7723,69.84
2025-05-08,Facebook,4707,5723,27.35
2025-05-09,Facebook,1082,2903,30.59
2025-05-10,Facebook,3841,1074,36.24
2025-05-11,Facebook,669,4894,68.81
2025-05-12,Facebook,2745,7506,32.21
2025-05-13,Facebook,4747,5944,33.16
2025-05-14,Facebook,2503,2615,59.12
2025-05-15,Facebook,2256,9118,69.78
2025-05-16,Facebook,3591,3716,61.95
2025-05-17,Facebook,4320,7142,52.25
2025-05-18,Facebook,3753,7074,59.01
2025-05-19,Facebook,4731,8612,52.83
2025-05-20,Facebook,4961,1428,41.41
2025-05-21,Facebook,4353,1716,61.44
2025-05-22,Facebook,784,682,61.24
2025-05-23,Facebook,710,2820,57.95
2025-05-24,Facebook,3928,2640,58.11
2025-05-25,Facebook,1365,7161,34.17
2025-05-26,Facebook,1286,9924,75.63
2025-05-27,Facebook,2295,8406,79.53
2025-05-28,Facebook,1415,6623,53.34
2025-05-29,Facebook,4142,834,33.43
2025-05-30,Facebook,3830,6807,39.04
2025-05-31,Facebook,4304,1502,64.38
2025-06-01,Facebook,444,5822,36.33
2024-01-01,Direct,1493,1883,56.52
2024-01-02,Direct,121,756,26.17
2024-01-03,Direct,1316,4414,78.06
2024-01-04,Direct,1890,491,70.47
2024-01-05,Direct,4934,2128,69.3
2024-01-06,Direct,2298,1650,66.58
2024-01-07,Direct,1787,4740,20.02
2024-01-08,Direct,3466,1117,24.09
2024-01-09,Direct,2234,2892,55.34
2024-01-10,Direct,4834,9003,66.12
2024-01-11,Direct,3346,5284,65.32
2024-01-12,Direct,4586,1427,51.75
2024-01-13,Direct,3599,1770,51.25
2024-01-14,Direct,812,6603,25.25
2024-01-15,Direct,4416,3480,75.72
2024-01-16,Direct,3597,2716,38.77
2024-01-17,Direct,4573,537,32.59
2024-01-18,Direct,3755,8464,55.8
2024-01-19,Direct,505,5397,21.42
2024-01-20,Direct,4379,9917,77.67
2024-01-21,Direct,3706,9978,41.95
2024-01-22,Direct,3181,9578,37.73
2024-01-23,Direct,3991,2519,29.1
2024-01-24,Direct,4302,7602,50.5
2024-01-25,Direct,4507,3530,43.37
2024-01-26,Direct,237,7429,38.39
2024-01-27,Direct,3620,9446,27.95
2024-01-28,Direct,3601,2376,39.52
2024-01-29,Direct,1164,8709,69.21
2024-01-30,Direct,2856,1384,67.67
2024-01-31,Direct,2775,2929,54.37
2024-02-01,Direct,4245,8812,65.16
2024-02-02,Direct,4692,6907,56.75
2024-02-03,Direct,1143,7609,26.93
2024-02-04,Direct,4898,4330,75.54
2024-02-05,Direct,4203,4982,50.02
2024-02-06,Direct,1852,9770,64.43
2024-02-07,Direct,4900,2377,72.51
2024-02-08,Direct,1223,6771,72.76
2024-02-09,Direct,1423,3857,75.99
2024-02-10,Direct,4979,8017,58.84
2024-02-11,Direct,1192,531,58.0
2024-02-12,Direct,4629,8577,34.38
2024-02-13,Direct,2262,9311,38.85
2024-02-14,Direct,3552,4279,56.2
2024-02-15,Direct,4900,8669,35.04
2024-02-16,Direct,2532,5872,41.53
2024-02-17,Direct,3786,4939,29.97
2024-02-18,Direct,3030,5017,65.04
2024-02-19,Direct,764,2269,57.86
2024-02-20,Direct,4480,3843,63.43
2024-02-21,Direct,3878,685,46.68
2024-02-22,Direct,4696,571,64.15
2024-02-23,Direct,4469,9589,47.94
2024-02-24,Direct,1496,2382,51.96
2024-02-25,Direct,2613,5455,27.64
2024-02-26,Direct,1564,8659,22.19
2024-02-27,Direct,3933,4690,64.7
2024-02-28,Direct,632,3501,73.44
2024-02-29,Direct,4392,3806,41.64
2024-03-01,Direct,4354,477,70.81
2024-03-02,Direct,3280,8052,36.53
2024-03-03,Direct,3363,2269,63.91
2024-03-04,Direct,3966,7406,54.91
2024-03-05,Direct,3845,2032,22.01
2024-03-06,Direct,2709,2303,34.49
2024-03-07,Direct,4578,7178,57.74
2024-03-08,Direct,3880,1347,32.47
2024-03-09,Direct,2557,9687,55.39
2024-03-10,Direct,4535,857,62.41
2024-03-11,Direct,3304,2644,40.8
2024-03-12,Direct,495,8413,61.49
2024-03-13,Direct,624,6352,58.57
2024-03-14,Direct,4542,9270,79.24
2024-03-15,Direct,3606,5712,56.88
2024-03-16,Direct,935,9433,36.52
2024-03-17,Direct,3061,4999,34.83
2024-03-18,Direct,4944,4008,59.58
2024-03-19,Direct,1716,3322,26.21
2024-03-20,Direct,4394,8193,33.58
2024-03-21,Direct,4376,4061,20.54
2024-03-22,Direct,1777,819,50.69
2024-03-23,Direct,3814,7396,67.14
2024-03-24,Direct,1530,7038,50.64
2024-03-25,Direct,1793,8000,37.13
2024-03-26,Direct,360,5265,70.28
2024-03-27,Direct,702,6567,49.08
2024-03-28,Direct,3072,7637,61.38
2024-03-29,Direct,272,5081,79.19
2024-03-30,Direct,457,909,68.82
2024-03-31,Direct,2905,8345,71.03
2024-04-01,Direct,3818,481,27.24
2024-04-02,Direct,4851,7482,52.44
2024-04-03,Direct,2748,2522,79.82
2024-04-04,Direct,780,5133,39.42
2024-04-05,Direct,1315,4425,22.51
2024-04-06,Direct,2838,3483,22.04
2024-04-07,Direct,4728,1429,78.72
2024-04-08,Direct,844,8360,46.05
2024-04-09,Direct,1042,2955,37.09
2024-04-10,Direct,811,6268,50.84
2024-04-11,Direct,3025,3500,56.61
2024-04-12,Direct,1769,6468,72.85
2024-04-13,Direct,1352,3408,46.56
2024-04-14,Direct,795,462,71.18
2024-04-15,Direct,305,1020,35.61
2024-04-16,Direct,1734,1430,52.91
2024-04-17,Direct,1001,8354,66.9
2024-04-18,Direct,4963,3896,46.56
2024-04-19,Direct,3220,2753,36.65
2024-04-20,Direct,2308,3916,68.54
2024-04-21,Direct,2046,7966,68.44
2024-04-22,Direct,1025,9741,36.94
2024-04-23,Direct,4700,4214,56.29
2024-04-24,Direct,785,7860,34.78
2024-04-25,Direct,3453,5169,73.78
2024-04-26,Direct,767,9769,24.51
2024-04-27,Direct,2508,1481,42.94
2024-04-28,Direct,771,6736,59.01
2024-04-29,Direct,3373,4699,71.61
2024-04-30,Direct,1135,6172,67.72
2024-05-01,Direct,351,5060,61.05
2024-05-02,Direct,474,4483,75.56
2024-05-03,Direct,4181,921,21.46
2024-05-04,Direct,3150,7932,78.77
2024-05-05,Direct,1209,7076,40.75
2024-05-06,Direct,1779,5689,64.9
2024-05-07,Direct,1890,7703,36.75
2024-05-08,Direct,2101,8159,44.88
2024-05-09,Direct,682,1422,72.56
2024-05-10,Direct,4887,1131,46.89
2024-05-11,Direct,4295,3052,73.09
2024-05-12,Direct,997,5465,52.94
2024-05-13,Direct,1359,9570,35.85
2024-05-14,Direct,3009,7077,49.18
2024-05-15,Direct,1279,1968,25.32
2024-05-16,Direct,2337,1318,48.69
2024-05-17,Direct,1792,9690,67.26
2024-05-18,Direct,2649,9912,24.13
2024-05-19,Direct,477,7447,34.01
2024-05-20,Direct,3135,9931,45.35
2024-05-21,Direct,4044,7491,65.47
2024-05-22,Direct,636,8379,65.07
2024-05-23,Direct,4666,3920,73.24
2024-05-24,Direct,3164,480,28.73
2024-05-25,Direct,4909,256,29.34
2024-05-26,Direct,858,6668,60.14
2024-05-27,Direct,2776,290,30.81
2024-05-28,Direct,580,203,44.83
2024-05-29,Direct,2387,8924,52.36
2024-05-30,Direct,1569,7826,35.41
2024-05-31,Direct,3290,8806,61.49
2024-06-01,Direct,460,9027,71.48
2024-06-02,Direct,1768,5528,20.73
2024-06-03,Direct,4263,8654,37.36
2024-06-04,Direct,520,9136,62.73
2024-06-05,Direct,225,5944,36.54
2024-06-06,Direct,2876,6458,51.38
2024-06-07,Direct,4977,510,65.39
2024-06-08,Direct,4670,8998,40.62
2024-06-09,Direct,3362,6027,67.25
2024-06-10,Direct,2603,9936,68.97
2024-06-11,Direct,2433,7169,79.47
2024-06-12,Direct,579,308,45.94
2024-06-13,Direct,344,2533,48.55
2024-06-14,Direct,4878,6815,66.97
2024-06-15,Direct,2328,4663,72.08
2024-06-16,Direct,1325,5425,50.31
2024-06-17,Direct,4138,4295,21.3
2024-06-18,Direct,3158,4356,47.48
2024-06-19,Direct,603,2494,33.51
2024-06-20,Direct,1213,4718,25.8
2024-06-21,Direct,2567,6611,40.35
2024-06-22,Direct,1879,537,43.52
2024-06-23,Direct,738,5772,78.9
2024-06-24,Direct,2430,812,47.31
2024-06-25,Direct,540,7995,78.05
2024-06-26,Direct,1791,3011,63.94
2024-06-27,Direct,4305,7123,35.19
2024-06-28,Direct,4698,3518,62.12
2024-06-29,Direct,1935,2935,44.16
2024-06-30,Direct,2574,3630,54.76
2024-07-01,Direct,4762,4219,51.16
2024-07-02,Direct,1118,7604,75.91
2024-07-03,Direct,1211,8908,27.78
2024-07-04,Direct,4300,3002,46.64
2024-07-05,Direct,3812,2331,24.87
2024-07-06,Direct,4717,6338,35.28
2024-07-07,Direct,3726,8727,24.61
2024-07-08,Direct,613,3525,76.32
2024-07-09,Direct,3226,6814,38.89
2024-07-10,Direct,4736,8455,66.88
2024-07-11,Direct,2408,4097,64.91
2024-07-12,Direct,1499,2501,28.42
2024-07-13,Direct,2085,5728,28.46
2024-07-14,Direct,650,7420,42.68
2024-07-15,Direct,1274,583,54.12
2024-07-16,Direct,834,8516,45.6
2024-07-17,Direct,2399,2779,66.08
2024-07-18,Direct,1024,4272,52.16
2024-07-19,Direct,3112,6986,72.91
2024-07-20,Direct,2903,9294,55.54
2024-07-21,Direct,1263,4554,55.54
2024-07-22,Direct,733,6258,59.58
2024-07-23,Direct,4347,2483,56.18
2024-07-24,Direct,1928,6132,56.73
2024-07-25,Direct,775,2460,46.98
2024-07-26,Direct,1438,5063,25.43
2024-07-27,Direct,1873,625,42.13
2024-07-28,Direct,1896,7553,66.1
2024-07-29,Direct,1599,3835,22.28
2024-07-30,Direct,2549,9867,61.44
2024-07-31,Direct,1849,8312,78.85
2024-08-01,Direct,2792,8531,46.16
2024-08-02,Direct,184,6906,32.74
2024-08-03,Direct,3793,3241,21.38
2024-08-04,Direct,2362,5454,71.29
2024-08-05,Direct,1315,314,28.84
2024-08-06,Direct,1791,5762,22.59
2024-08-07,Direct,3764,239,49.13
2024-08-08,Direct,4534,3705,42.9
2024-08-09,Direct,2160,309,77.59
2024-08-10,Direct,4688,736,47.75
2024-08-11,Direct,4752,6279,70.13
2024-08-12,Direct,2949,7722,75.92
2024-08-13,Direct,3865,4851,31.05
2024-08-14,Direct,3214,2248,40.78
2024-08-15,Direct,3616,5912,75.4
2024-08-16,Direct,3046,5747,53.35
2024-08-17,Direct,2494,5633,39.36
2024-08-18,Direct,3575,7668,51.23
2024-08-19,Direct,4313,7809,63.87
2024-08-20,Direct,2402,5482,57.1
2024-08-21,Direct,504,5995,76.02
2024-08-22,Direct,4241,3825,77.78
2024-08-23,Direct,2648,4297,62.69
2024-08-24,Direct,4692,7129,59.82
2024-08-25,Direct,2011,6322,20.81
2024-08-26,Direct,4317,9693,67.02
2024-08-27,Direct,997,5118,49.97
2024-08-28,Direct,4906,9334,72.48
2024-08-29,Direct,3373,6375,75.99
2024-08-30,Direct,4171,8376,42.14
2024-08-31,Direct,1124,428,74.33
2024-09-01,Direct,691,977,59.57
2024-09-02,Direct,4051,570,45.69
2024-09-03,Direct,4896,301,23.05
2024-09-04,Direct,3511,3442,64.53
2024-09-05,Direct,2124,6862,73.59
2024-09-06,Direct,3298,6588,54.94
2024-09-07,Direct,2274,4884,44.17
2024-09-08,Direct,3301,8286,47.09
2024-09-09,Direct,2861,2962,62.48
2024-09-10,Direct,3262,7338,31.9
2024-09-11,Direct,1499,2383,32.26
2024-09-12,Direct,120,4766,40.82
2024-09-13,Direct,3226,9515,21.79
2024-09-14,Direct,1011,9169,60.14
2024-09-15,Direct,1160,8787,46.89
2024-09-16,Direct,4112,678,73.62
2024-09-17,Direct,1418,7826,58.82
2024-09-18,Direct,780,9324,62.28
2024-09-19,Direct,4756,8545,60.31
2024-09-20,Direct,4148,8396,45.07
2024-09-21,Direct,756,8314,75.96
2024-09-22,Direct,4605,6006,74.86
2024-09-23,Direct,3272,974,48.95
2024-09-24,Direct,2953,1515,66.76
2024-09-25,Direct,1545,7886,79.11
2024-09-26,Direct,3980,9838,39.87
2024-09-27,Direct,4832,8645,57.49
2024-09-28,Direct,1229,2603,54.17
2024-09-29,Direct,852,7097,52.45
2024-09-30,Direct,1958,3453,75.99
2024-10-01,Direct,1708,3228,27.6
2024-10-02,Direct,3492,7358,50.98
2024-10-03,Direct,3099,778,21.55
2024-10-04,Direct,1526,8494,38.49
2024-10-05,Direct,113,1493,60.5
2024-10-06,Direct,4683,2242,66.82
2024-10-07,Direct,4309,4640,71.26
2024-10-08,Direct,1887,7340,24.6
2024-10-09,Direct,3401,2220,31.07
2024-10-10,Direct,3849,2454,44.09
2024-10-11,Direct,2702,9911,42.87
2024-10-12,Direct,865,3679,35.24
2024-10-13,Direct,493,4545,76.2
2024-10-14,Direct,3516,2557,52.04
2024-10-15,Direct,4832,8009,59.42
2024-10-16,Direct,3705,1860,64.98
2024-10-17,Direct,4299,3617,52.63
2024-10-18,Direct,2653,6490,70.02
2024-10-19,Direct,1680,876,79.09
2024-10-20,Direct,4681,6824,43.52
2024-10-21,Direct,1837,8487,58.62
2024-10-22,Direct,4469,4510,39.02
2024-10-23,Direct,2658,2962,24.14
2024-10-24,Direct,1106,6492,21.62
2024-10-25,Direct,110,7206,33.95
2024-10-26,Direct,4990,3585,29.74
2024-10-27,Direct,4639,3306,63.34
2024-10-28,Direct,2567,3579,47.8
2024-10-29,Direct,4124,9190,52.41
2024-10-30,Direct,1642,2068,24.91
2024-10-31,Direct,4291,4529,21.16
2024-11-01,Direct,1723,7578,46.11
2024-11-02,Direct,3473,8529,35.34
2024-11-03,Direct,3283,759,57.32
2024-11-04,Direct,4731,3757,50.7
2024-11-05,Direct,153,3084,69.71
2024-11-06,Direct,2840,6598,70.31
2024-11-07,Direct,1691,5686,52.23
2024-11-08,Direct,1357,1299,74.41
2024-11-09,Direct,3931,948,75.97
2024-11-10,Direct,297,5793,34.66
2024-11-11,Direct,4455,7158,78.65
2024-11-12,Direct,4374,8562,79.16
2024-11-13,Direct,2378,2276,23.9
2024-11-14,Direct,1918,4797,20.14
2024-11-15,Direct,2898,740,23.52
2024-11-16,Direct,4764,7107,40.98
2024-11-17,Direct,4648,4770,68.48
2024-11-18,Direct,4254,8598,50.27
2024-11-19,Direct,3468,1707,37.78
2024-11-20,Direct,1284,547,23.3
2024-11-21,Direct,784,1670,43.75
2024-11-22,Direct,966,1107,22.17
2024-11-23,Direct,4264,6240,30.36
2024-11-24,Direct,3578,5455,72.72
2024-11-25,Direct,1297,7996,65.7
2024-11-26,Direct,4066,2623,79.74
2024-11-27,Direct,1411,6840,73.67
2024-11-28,Direct,1687,8743,71.34
2024-11-29,Direct,984,6732,30.48
2024-11-30,Direct,3204,1370,58.9
2024-12-01,Direct,4648,3346,56.03
2024-12-02,Direct,3100,5599,75.07
2024-12-03,Direct,3334,3437,66.86
2024-12-04,Direct,1869,1166,66.48
2024-12-05,Direct,4428,7927,39.48
2024-12-06,Direct,210,2122,27.46
2024-12-07,Direct,2633,2451,42.14
2024-12-08,Direct,825,4769,32.51
2024-12-09,Direct,602,9135,63.66
2024-12-10,Direct,3147,5692,47.56
2024-12-11,Direct,3943,4461,33.94
2024-12-12,Direct,2469,996,59.48
2024-12-13,Direct,1473,9647,24.15
2024-12-14,Direct,2120,3192,75.07
2024-12-15,Direct,758,8898,54.7
2024-12-16,Direct,3304,7613,47.66
2024-12-17,Direct,1597,6049,34.95
2024-12-18,Direct,2026,3090,52.87
2024-12-19,Direct,2993,4653,37.23
2024-12-20,Direct,3330,6881,43.67
2024-12-21,Direct,516,9137,73.31
2024-12-22,Direct,3723,9006,31.65
2024-12-23,Direct,3156,4419,40.88
2024-12-24,Direct,3298,9699,59.35
2024-12-25,Direct,489,6727,63.49
2024-12-26,Direct,2955,1123,26.9
2024-12-27,Direct,3342,8851,76.17
2024-12-28,Direct,977,2951,21.62
2024-12-29,Direct,3117,5722,24.01
2024-12-30,Direct,3668,9499,65.73
2024-12-31,Direct,623,9005,66.29
2025-01-01,Direct,2919,3958,59.97
2025-01-02,Direct,1238,7195,51.3
2025-01-03,Direct,2974,3319,37.32
2025-01-04,Direct,148,8158,70.4
2025-01-05,Direct,1896,8857,61.93
2025-01-06,Direct,480,3238,78.08
2025-01-07,Direct,4603,2636,47.26
2025-01-08,Direct,2001,9743,48.23
2025-01-09,Direct,4042,4850,67.48
2025-01-10,Direct,2054,8931,79.58
2025-01-11,Direct,1323,1809,73.78
2025-01-12,Direct,3738,7093,37.85
2025-01-13,Direct,2340,2779,77.22
2025-01-14,Direct,4714,1803,31.88
2025-01-15,Direct,114,5173,45.29
2025-01-16,Direct,689,2186,73.22
2025-01-17,Direct,4352,5862,38.81
2025-01-18,Direct,1749,3449,41.13
2025-01-19,Direct,2845,5787,79.69
2025-01-20,Direct,1450,3314,47.06
2025-01-21,Direct,3127,3104,76.85
2025-01-22,Direct,410,8951,36.44
2025-01-23,Direct,3597,8091,50.05
2025-01-24,Direct,2599,5040,42.96
2025-01-25,Direct,1648,6460,53.85
2025-01-26,Direct,4360,3250,73.9
2025-01-27,Direct,1259,3043,79.45
2025-01-28,Direct,1726,3750,50.06
2025-01-29,Direct,2284,2880,30.5
2025-01-30,Direct,3121,1936,23.03
2025-01-31,Direct,2784,7616,29.57
2025-02-01,Direct,3615,3501,64.79
2025-02-02,Direct,1838,3608,55.66
2025-02-03,Direct,316,1680,64.93
2025-02-04,Direct,3258,4441,77.24
2025-02-05,Direct,1005,5584,62.41
2025-02-06,Direct,4138,9664,66.65
2025-02-07,Direct,944,9940,45.63
2025-02-08,Direct,3065,5417,50.68
2025-02-09,Direct,1099,2635,69.4
2025-02-10,Direct,2644,8946,58.34
2025-02-11,Direct,795,6054,52.13
2025-02-12,Direct,1297,3746,33.27
2025-02-13,Direct,1525,5344,56.17
2025-02-14,Direct,4780,4511,37.47
2025-02-15,Direct,1977,9491,55.41
2025-02-16,Direct,416,6172,47.83
2025-02-17,Direct,2643,8035,26.1
2025-02-18,Direct,1559,912,71.43
2025-02-19,Direct,2479,1291,54.88
2025-02-20,Direct,2379,4364,74.18
2025-02-21,Direct,3700,5176,75.62
2025-02-22,Direct,1430,6868,51.05
2025-02-23,Direct,539,9500,60.68
2025-02-24,Direct,4016,8025,73.72
2025-02-25,Direct,2772,1360,60.81
2025-02-26,Direct,2183,7201,34.64
2025-02-27,Direct,1441,945,35.51
2025-02-28,Direct,3189,8691,45.13
2025-03-01,Direct,1857,4834,22.26
2025-03-02,Direct,2015,5488,42.26
2025-03-03,Direct,2714,5669,28.61
2025-03-04,Direct,3533,1639,69.63
2025-03-05,Direct,4574,4877,66.93
2025-03-06,Direct,3597,1951,30.51
2025-03-07,Direct,1608,5872,37.08
2025-03-08,Direct,3953,1377,54.2
2025-03-09,Direct,4461,1835,34.96
2025-03-10,Direct,3039,876,23.33
2025-03-11,Direct,3944,8619,65.92
2025-03-12,Direct,1017,7561,25.47
2025-03-13,Direct,3651,6628,60.67
2025-03-14,Direct,264,2097,28.99
2025-03-15,Direct,2308,1455,20.46
2025-03-16,Direct,3780,3515,53.75
2025-03-17,Direct,4381,464,37.08
2025-03-18,Direct,1286,7270,27.8
2025-03-19,Direct,1628,1692,61.1
2025-03-20,Direct,3226,3370,58.65
2025-03-21,Direct,2637,3876,44.68
2025-03-22,Direct,236,9049,25.32
2025-03-23,Direct,3118,5243,47.95
2025-03-24,Direct,784,7525,26.25
2025-03-25,Direct,2558,8786,79.66
2025-03-26,Direct,3075,8672,34.08
2025-03-27,Direct,1548,7009,20.19
2025-03-28,Direct,3832,3921,33.2
2025-03-29,Direct,3503,788,57.18
2025-03-30,Direct,1130,8039,78.59
2025-03-31,Direct,4985,9060,51.53
2025-04-01,Direct,3779,1898,46.7
2025-04-02,Direct,2726,8955,79.54
2025-04-03,Direct,3357,5435,29.9
2025-04-04,Direct,4656,5955,31.87
2025-04-05,Direct,1465,1107,42.84
2025-04-06,Direct,3107,4471,64.85
2025-04-07,Direct,2317,6330,38.15
2025-04-08,Direct,1151,6606,48.2
2025-04-09,Direct,4183,2958,76.36
2025-04-10,Direct,669,8476,72.37
2025-04-11,Direct,872,7094,76.82
2025-04-12,Direct,1306,1803,30.01
2025-04-13,Direct,579,6516,48.93
2025-04-14,Direct,927,5975,62.79
2025-04-15,Direct,4240,6950,63.97
2025-04-16,Direct,1079,3352,53.01
2025-04-17,Direct,1996,8036,69.25
2025-04-18,Direct,4701,6576,22.56
2025-04-19,Direct,4844,5857,31.81
2025-04-20,Direct,2282,5265,39.68
2025-04-21,Direct,3901,4886,63.73
2025-04-22,Direct,1743,9062,74.1
2025-04-23,Direct,3697,9839,51.73
2025-04-24,Direct,4550,3396,62.49
2025-04-25,Direct,2438,457,55.66
2025-04-26,Direct,2338,892,75.47
2025-04-27,Direct,2678,254,74.01
2025-04-28,Direct,2462,8543,68.47
2025-04-29,Direct,3491,7011,36.77
2025-04-30,Direct,2852,1997,42.39
2025-05-01,Direct,2164,2671,44.99
2025-05-02,Direct,1013,6807,20.26
2025-05-03,Direct,4603,4030,33.87
2025-05-04,Direct,330,1854,62.83
2025-05-05,Direct,3303,4489,52.66
2025-05-06,Direct,186,2500,77.46
2025-05-07,Direct,4704,7615,21.75
2025-05-08,Direct,888,1033,42.7
2025-05-09,Direct,4194,9552,62.44
2025-05-10,Direct,766,5530,28.02
2025-05-11,Direct,222,4536,49.98
2025-05-12,Direct,4643,2434,20.95
2025-05-13,Direct,3719,3678,30.81
2025-05-14,Direct,161,9391,76.29
2025-05-15,Direct,2578,5842,55.96
2025-05-16,Direct,3493,1943,65.55
2025-05-17,Direct,4492,1764,26.13
2025-05-18,Direct,317,6334,34.08
2025-05-19,Direct,3600,6446,31.52
2025-05-20,Direct,178,7886,36.49
2025-05-21,Direct,2912,2413,35.5
2025-05-22,Direct,635,203,53.81
2025-05-23,Direct,502,3837,62.34
2025-05-24,Direct,1834,4547,52.91
2025-05-25,Direct,1619,7615,37.94
2025-05-26,Direct,193,671,61.69
2025-05-27,Direct,291,7269,53.11
2025-05-28,Direct,3854,2513,58.31
2025-05-29,Direct,3610,9651,32.69
2025-05-30,Direct,4145,5947,77.58
2025-05-31,Direct,2590,5872,39.66
2025-06-01,Direct,3219,1407,42.18
2024-01-01,Emailing,4497,6093,52.43
2024-01-02,Emailing,3736,1989,22.98
2024-01-03,Emailing,4983,3369,31.47
2024-01-04,Emailing,1341,5214,68.76
2024-01-05,Emailing,585,3613,67.63
2024-01-06,Emailing,2099,995,28.51
2024-01-07,Emailing,1542,7258,55.38
2024-01-08,Emailing,2795,7937,23.98
2024-01-09,Emailing,2085,8068,24.48
2024-01-10,Emailing,4735,1903,67.98
2024-01-11,Emailing,4211,2844,48.23
2024-01-12,Emailing,2606,3240,75.59
2024-01-13,Emailing,2132,4682,48.69
2024-01-14,Emailing,4515,1103,68.42
2024-01-15,Emailing,2568,1646,58.33
2024-01-16,Emailing,1247,3697,45.84
2024-01-17,Emailing,2692,5539,53.29
2024-01-18,Emailing,1925,5603,76.05
2024-01-19,Emailing,4848,9316,24.55
2024-01-20,Emailing,4174,3035,51.77
2024-01-21,Emailing,2931,5397,23.11
2024-01-22,Emailing,3975,4332,53.33
2024-01-23,Emailing,1848,3633,56.42
2024-01-24,Emailing,4746,3801,68.45
2024-01-25,Emailing,3290,1420,67.89
2024-01-26,Emailing,536,5056,20.61
2024-01-27,Emailing,4981,3583,24.27
2024-01-28,Emailing,1676,6281,61.07
2024-01-29,Emailing,1612,2012,30.97
2024-01-30,Emailing,4302,2519,51.69
2024-01-31,Emailing,1863,875,33.9
2024-02-01,Emailing,3207,298,70.08
2024-02-02,Emailing,602,5403,60.85
2024-02-03,Emailing,1044,297,46.13
2024-02-04,Emailing,2344,9947,33.48
2024-02-05,Emailing,423,1460,59.56
2024-02-06,Emailing,2052,570,41.08
2024-02-07,Emailing,4764,1374,55.35
2024-02-08,Emailing,2470,4288,60.09
2024-02-09,Emailing,2603,6990,28.26
2024-02-10,Emailing,2682,7418,22.96
2024-02-11,Emailing,382,4980,49.6
2024-02-12,Emailing,517,4747,29.5
2024-02-13,Emailing,4956,1271,25.38
2024-02-14,Emailing,4388,3654,25.34
2024-02-15,Emailing,4716,3350,62.13
2024-02-16,Emailing,2511,9746,74.32
2024-02-17,Emailing,636,6668,75.91
2024-02-18,Emailing,2225,3463,76.15
2024-02-19,Emailing,1114,1970,60.26
2024-02-20,Emailing,4661,1145,75.55
2024-02-21,Emailing,4436,9775,27.91
2024-02-22,Emailing,382,3152,56.09
2024-02-23,Emailing,4911,8435,65.6
2024-02-24,Emailing,1819,2464,76.58
2024-02-25,Emailing,2194,1927,39.7
2024-02-26,Emailing,4884,5273,55.09
2024-02-27,Emailing,1777,1234,44.21
2024-02-28,Emailing,1719,9285,52.3
2024-02-29,Emailing,4985,768,50.21
2024-03-01,Emailing,798,304,70.98
2024-03-02,Emailing,1939,3864,69.44
2024-03-03,Emailing,2505,9012,43.69
2024-03-04,Emailing,1576,3102,36.86
2024-03-05,Emailing,3172,2254,71.05
2024-03-06,Emailing,4394,2889,77.28
2024-03-07,Emailing,2152,9609,21.12
2024-03-08,Emailing,695,2909,50.06
2024-03-09,Emailing,2005,4543,66.29
2024-03-10,Emailing,268,4168,79.16
2024-03-11,Emailing,1043,1833,51.83
2024-03-12,Emailing,2606,8428,63.14
2024-03-13,Emailing,3504,6994,76.0
2024-03-14,Emailing,4116,4868,42.51
2024-03-15,Emailing,1509,4949,73.09
2024-03-16,Emailing,1442,6927,35.97
2024-03-17,Emailing,822,1078,63.53
2024-03-18,Emailing,2052,3534,77.35
2024-03-19,Emailing,3912,2838,58.9
2024-03-20,Emailing,4570,1648,42.57
2024-03-21,Emailing,1404,939,24.68
2024-03-22,Emailing,3027,5525,32.04
2024-03-23,Emailing,4811,7045,63.76
2024-03-24,Emailing,4704,8171,79.38
2024-03-25,Emailing,2696,1350,70.99
2024-03-26,Emailing,336,7445,67.49
2024-03-27,Emailing,780,552,21.12
2024-03-28,Emailing,466,5889,64.02
2024-03-29,Emailing,2896,6078,69.65
2024-03-30,Emailing,2746,4483,39.5
2024-03-31,Emailing,1126,4886,79.98
2024-04-01,Emailing,2933,429,22.15
2024-04-02,Emailing,2460,520,43.46
2024-04-03,Emailing,3095,2733,32.76
2024-04-04,Emailing,3731,9787,78.35
2024-04-05,Emailing,2167,3938,60.32
2024-04-06,Emailing,1083,6862,45.0
2024-04-07,Emailing,2356,8584,78.36
2024-04-08,Emailing,4304,7187,23.69
2024-04-09,Emailing,3055,1008,33.17
2024-04-10,Emailing,4322,2033,45.35
2024-04-11,Emailing,2089,4714,27.46
2024-04-12,Emailing,2217,6224,79.82
2024-04-13,Emailing,2193,1016,54.4
2024-04-14,Emailing,2342,6749,29.73
2024-04-15,Emailing,4319,2563,34.91
2024-04-16,Emailing,3850,2626,43.77
2024-04-17,Emailing,679,1094,63.58
2024-04-18,Emailing,2064,6217,38.25
2024-04-19,Emailing,2265,3174,37.87
2024-04-20,Emailing,419,7405,57.55
2024-04-21,Emailing,1945,4940,22.75
2024-04-22,Emailing,4929,2447,62.72
2024-04-23,Emailing,1301,771,52.86
2024-04-24,Emailing,2282,5927,46.04
2024-04-25,Emailing,3642,1345,43.58
2024-04-26,Emailing,1571,3499,33.26
2024-04-27,Emailing,2669,5864,34.42
2024-04-28,Emailing,1201,6951,49.99
2024-04-29,Emailing,2856,3545,31.9
2024-04-30,Emailing,3361,5579,54.06
2024-05-01,Emailing,3062,6515,58.98
2024-05-02,Emailing,132,6581,47.47
2024-05-03,Emailing,1240,1594,26.42
2024-05-04,Emailing,4074,7977,76.25
2024-05-05,Emailing,1665,2360,69.99
2024-05-06,Emailing,4743,4460,77.21
2024-05-07,Emailing,3017,9896,42.09
2024-05-08,Emailing,4569,3671,21.93
2024-05-09,Emailing,4910,8109,46.18
2024-05-10,Emailing,2766,4178,47.9
2024-05-11,Emailing,4807,6970,62.39
2024-05-12,Emailing,692,6944,64.08
2024-05-13,Emailing,2310,8695,45.49
2024-05-14,Emailing,2210,7322,78.63
2024-05-15,Emailing,275,271,26.74
2024-05-16,Emailing,3920,5965,74.15
2024-05-17,Emailing,4517,5578,66.19
2024-05-18,Emailing,4030,9438,51.99
2024-05-19,Emailing,2846,3968,65.75
2024-05-20,Emailing,2084,1864,65.25
2024-05-21,Emailing,933,8138,30.0
2024-05-22,Emailing,1240,9182,51.95
2024-05-23,Emailing,2004,8035,48.26
2024-05-24,Emailing,434,7351,49.65
2024-05-25,Emailing,4569,794,30.1
2024-05-26,Emailing,4623,5204,43.1
2024-05-27,Emailing,4315,1461,51.13
2024-05-28,Emailing,3747,4580,61.06
2024-05-29,Emailing,1086,6718,45.39
2024-05-30,Emailing,2443,2632,58.81
2024-05-31,Emailing,4766,5890,57.05
2024-06-01,Emailing,3286,4744,68.78
2024-06-02,Emailing,1465,9617,44.89
2024-06-03,Emailing,4443,4505,72.36
2024-06-04,Emailing,3448,7910,21.58
2024-06-05,Emailing,4286,4617,74.05
2024-06-06,Emailing,146,5578,77.08
2024-06-07,Emailing,4519,3957,44.75
2024-06-08,Emailing,983,7795,76.96
2024-06-09,Emailing,688,9632,71.87
2024-06-10,Emailing,1227,3440,23.42
2024-06-11,Emailing,1757,4820,59.09
2024-06-12,Emailing,584,4817,75.06
2024-06-13,Emailing,4395,5753,32.36
2024-06-14,Emailing,1418,6766,75.24
2024-06-15,Emailing,3510,8343,32.42
2024-06-16,Emailing,2413,1138,57.88
2024-06-17,Emailing,2614,540,42.84
2024-06-18,Emailing,2905,8177,52.88
2024-06-19,Emailing,3249,4674,36.89
2024-06-20,Emailing,850,7756,44.45
2024-06-21,Emailing,3023,4822,50.21
2024-06-22,Emailing,969,1105,50.11
2024-06-23,Emailing,4296,4808,79.65
2024-06-24,Emailing,3788,6673,71.28
2024-06-25,Emailing,1050,7718,28.83
2024-06-26,Emailing,733,4323,77.64
2024-06-27,Emailing,1613,5356,54.09
2024-06-28,Emailing,4917,6178,56.59
2024-06-29,Emailing,354,5885,36.57
2024-06-30,Emailing,1480,6974,38.18
2024-07-01,Emailing,1311,4690,28.27
2024-07-02,Emailing,3470,8684,69.78
2024-07-03,Emailing,4633,9664,49.0
2024-07-04,Emailing,2612,8029,25.85
2024-07-05,Emailing,4920,1169,46.66
2024-07-06,Emailing,3674,6899,40.43
2024-07-07,Emailing,3758,1868,61.4
2024-07-08,Emailing,4787,2502,31.19
2024-07-09,Emailing,1658,3479,76.12
2024-07-10,Emailing,919,1407,66.87
2024-07-11,Emailing,358,8794,43.49
2024-07-12,Emailing,3753,1238,31.29
2024-07-13,Emailing,247,2554,66.05
2024-07-14,Emailing,3378,5472,27.11
2024-07-15,Emailing,3793,9384,25.24
2024-07-16,Emailing,2177,8060,60.79
2024-07-17,Emailing,2563,3443,32.02
2024-07-18,Emailing,2729,5819,58.58
2024-07-19,Emailing,1011,1005,41.32
2024-07-20,Emailing,3200,5365,25.75
2024-07-21,Emailing,377,4398,57.47
2024-07-22,Emailing,1023,9142,58.78
2024-07-23,Emailing,2077,9015,52.41
2024-07-24,Emailing,1381,3075,40.93
2024-07-25,Emailing,3707,4035,74.83
2024-07-26,Emailing,879,9310,60.81
2024-07-27,Emailing,2408,3810,53.26
2024-07-28,Emailing,2673,1692,48.86
2024-07-29,Emailing,4399,7657,70.58
2024-07-30,Emailing,3966,5641,77.68
2024-07-31,Emailing,2725,9212,53.43
2024-08-01,Emailing,3348,6992,22.97
2024-08-02,Emailing,2704,4095,49.47
2024-08-03,Emailing,3527,6695,58.73
2024-08-04,Emailing,2764,8977,69.05
2024-08-05,Emailing,2765,2973,38.63
2024-08-06,Emailing,3993,1100,60.59
2024-08-07,Emailing,3840,360,22.78
2024-08-08,Emailing,2128,9340,41.09
2024-08-09,Emailing,2388,8216,37.94
2024-08-10,Emailing,606,3741,25.14
2024-08-11,Emailing,2151,7322,62.12
2024-08-12,Emailing,1060,1924,42.11
2024-08-13,Emailing,3046,1130,33.07
2024-08-14,Emailing,161,3507,28.83
2024-08-15,Emailing,449,794,74.22
2024-08-16,Emailing,104,6577,28.33
2024-08-17,Emailing,2191,4835,71.94
2024-08-18,Emailing,4370,8524,51.18
2024-08-19,Emailing,113,9908,21.87
2024-08-20,Emailing,4067,1585,77.49
2024-08-21,Emailing,3978,7960,53.18
2024-08-22,Emailing,4773,3954,39.06
2024-08-23,Emailing,2945,4789,36.09
2024-08-24,Emailing,2339,8665,39.03
2024-08-25,Emailing,3812,4816,32.89
2024-08-26,Emailing,4522,1915,34.73
2024-08-27,Emailing,3109,3282,42.75
2024-08-28,Emailing,706,3723,51.24
2024-08-29,Emailing,2518,7881,63.54
2024-08-30,Emailing,4864,7769,38.19
2024-08-31,Emailing,3057,2604,28.11
2024-09-01,Emailing,1951,637,21.23
2024-09-02,Emailing,1038,9426,42.33
2024-09-03,Emailing,2606,6590,67.46
2024-09-04,Emailing,4049,1673,39.73
2024-09-05,Emailing,4684,9331,33.03
2024-09-06,Emailing,1156,544,74.7
2024-09-07,Emailing,3264,7601,59.74
2024-09-08,Emailing,2985,346,78.54
2024-09-09,Emailing,1901,4878,53.65
2024-09-10,Emailing,2103,3925,52.45
2024-09-11,Emailing,2202,8648,78.32
2024-09-12,Emailing,2532,7144,56.64
2024-09-13,Emailing,3534,7529,50.88
2024-09-14,Emailing,1948,8279,34.32
2024-09-15,Emailing,3850,4134,42.98
2024-09-16,Emailing,3827,4416,53.72
2024-09-17,Emailing,664,2437,53.86
2024-09-18,Emailing,4286,8410,47.33
2024-09-19,Emailing,3660,7267,61.37
2024-09-20,Emailing,872,6290,29.42
2024-09-21,Emailing,457,7138,72.05
2024-09-22,Emailing,3628,6254,64.24
2024-09-23,Emailing,2077,8887,69.44
2024-09-24,Emailing,1008,8980,22.12
2024-09-25,Emailing,1126,4623,66.93
2024-09-26,Emailing,1150,8416,64.38
2024-09-27,Emailing,4245,9072,21.22
2024-09-28,Emailing,1992,8003,47.05
2024-09-29,Emailing,409,9685,38.28
2024-09-30,Emailing,992,2203,35.34
2024-10-01,Emailing,667,6811,29.42
2024-10-02,Emailing,727,497,35.2
2024-10-03,Emailing,1757,5222,65.73
2024-10-04,Emailing,4155,2903,74.47
2024-10-05,Emailing,1685,6719,41.07
2024-10-06,Emailing,4301,9943,37.12
2024-10-07,Emailing,3003,3786,37.59
2024-10-08,Emailing,1463,4645,52.06
2024-10-09,Emailing,2430,7714,22.74
2024-10-10,Emailing,3583,2749,54.48
2024-10-11,Emailing,4167,5555,75.21
2024-10-12,Emailing,3524,4572,49.55
2024-10-13,Emailing,2589,382,43.91
2024-10-14,Emailing,3810,7968,22.38
2024-10-15,Emailing,4017,722,52.86
2024-10-16,Emailing,1542,810,28.18
2024-10-17,Emailing,4950,4334,47.69
2024-10-18,Emailing,3211,8953,38.54
2024-10-19,Emailing,1346,3043,35.65
2024-10-20,Emailing,4186,2267,77.45
2024-10-21,Emailing,3733,1902,67.26
2024-10-22,Emailing,962,2118,27.17
2024-10-23,Emailing,3409,1935,38.98
2024-10-24,Emailing,4393,8326,62.2
2024-10-25,Emailing,1534,411,69.41
2024-10-26,Emailing,3075,3127,51.59
2024-10-27,Emailing,722,7225,74.02
2024-10-28,Emailing,3969,5619,41.69
2024-10-29,Emailing,3897,3184,24.57
2024-10-30,Emailing,4156,6939,76.49
2024-10-31,Emailing,2664,9664,44.83
2024-11-01,Emailing,487,7376,21.38
2024-11-02,Emailing,576,8764,63.15
2024-11-03,Emailing,236,660,35.11
2024-11-04,Emailing,1754,1261,25.46
2024-11-05,Emailing,2633,1693,70.64
2024-11-06,Emailing,1035,2371,34.55
2024-11-07,Emailing,152,4133,52.6
2024-11-08,Emailing,3371,3820,56.74
2024-11-09,Emailing,3921,1521,76.7
2024-11-10,Emailing,3011,5394,43.79
2024-11-11,Emailing,4611,5975,50.08
2024-11-12,Emailing,2627,6382,38.1
2024-11-13,Emailing,1833,8260,47.99
2024-11-14,Emailing,2122,3897,20.42
2024-11-15,Emailing,252,9519,71.52
2024-11-16,Emailing,2513,3957,23.96
2024-11-17,Emailing,177,3061,34.77
2024-11-18,Emailing,4819,5851,63.15
2024-11-19,Emailing,597,9762,58.49
2024-11-20,Emailing,699,9245,65.11
2024-11-21,Emailing,802,2535,50.31
2024-11-22,Emailing,135,7655,75.72
2024-11-23,Emailing,3016,6974,76.7
2024-11-24,Emailing,852,4472,65.47
2024-11-25,Emailing,589,502,39.3
2024-11-26,Emailing,4774,3375,22.47
2024-11-27,Emailing,1418,2750,52.96
2024-11-28,Emailing,1032,9168,20.54
2024-11-29,Emailing,4724,2165,68.56
2024-11-30,Emailing,4761,3649,55.28
2024-12-01,Emailing,4348,7501,57.14
2024-12-02,Emailing,1528,3989,23.63
2024-12-03,Emailing,2166,927,55.15
2024-12-04,Emailing,4070,2753,30.78
2024-12-05,Emailing,2122,1944,44.16
2024-12-06,Emailing,2202,2840,39.15
2024-12-07,Emailing,906,6579,34.78
2024-12-08,Emailing,424,3639,46.82
2024-12-09,Emailing,2271,1409,65.72
2024-12-10,Emailing,3169,6209,33.99
2024-12-11,Emailing,1631,6136,50.63
2024-12-12,Emailing,4990,1961,41.4
2024-12-13,Emailing,766,6548,59.25
2024-12-14,Emailing,3424,6485,54.02
2024-12-15,Emailing,880,5899,59.0
2024-12-16,Emailing,4059,4677,78.94
2024-12-17,Emailing,378,2207,50.42
2024-12-18,Emailing,3748,3111,26.17
2024-12-19,Emailing,2773,2261,22.69
2024-12-20,Emailing,3417,7709,23.02
2024-12-21,Emailing,2738,8088,41.13
2024-12-22,Emailing,1099,8186,63.48
2024-12-23,Emailing,3914,4668,70.41
2024-12-24,Emailing,4029,4041,55.64
2024-12-25,Emailing,594,5496,48.8
2024-12-26,Emailing,2886,5582,70.8
2024-12-27,Emailing,1880,2986,23.4
2024-12-28,Emailing,4575,2389,39.42
2024-12-29,Emailing,3314,4827,23.44
2024-12-30,Emailing,166,2132,75.87
2024-12-31,Emailing,553,8704,25.35
2025-01-01,Emailing,2855,6592,77.57
2025-01-02,Emailing,4891,376,63.85
2025-01-03,Emailing,1454,1971,49.67
2025-01-04,Emailing,161,3404,38.76
2025-01-05,Emailing,1038,6267,52.22
2025-01-06,Emailing,468,5749,58.56
2025-01-07,Emailing,3710,2050,48.88
2025-01-08,Emailing,4928,9936,75.05
2025-01-09,Emailing,867,9468,28.36
2025-01-10,Emailing,3404,5922,27.7
2025-01-11,Emailing,4196,6614,66.77
2025-01-12,Emailing,3985,2985,53.64
2025-01-13,Emailing,2977,3097,44.37
2025-01-14,Emailing,2971,4043,69.23
2025-01-15,Emailing,2339,4020,76.34
2025-01-16,Emailing,2763,1436,51.48
2025-01-17,Emailing,200,3993,54.12
2025-01-18,Emailing,3397,3067,23.3
2025-01-19,Emailing,4575,8309,49.91
2025-01-20,Emailing,933,3977,21.18
2025-01-21,Emailing,2576,4707,44.35
2025-01-22,Emailing,1055,5571,77.98
2025-01-23,Emailing,117,9573,65.75
2025-01-24,Emailing,2833,5145,64.06
2025-01-25,Emailing,2180,2475,67.09
2025-01-26,Emailing,4439,6428,70.98
2025-01-27,Emailing,4928,6091,22.56
2025-01-28,Emailing,2688,1815,72.77
2025-01-29,Emailing,1665,5593,66.48
2025-01-30,Emailing,685,2013,61.03
2025-01-31,Emailing,873,8674,44.34
2025-02-01,Emailing,674,9870,38.03
2025-02-02,Emailing,1252,7151,31.52
2025-02-03,Emailing,2668,9651,40.5
2025-02-04,Emailing,4506,9647,72.7
2025-02-05,Emailing,1500,4459,23.39
2025-02-06,Emailing,2931,7226,63.57
2025-02-07,Emailing,2061,330,25.11
2025-02-08,Emailing,1637,1299,27.01
2025-02-09,Emailing,2753,9639,31.98
2025-02-10,Emailing,1884,5894,60.43
2025-02-11,Emailing,4853,2618,71.08
2025-02-12,Emailing,928,549,28.51
2025-02-13,Emailing,2665,5201,34.03
2025-02-14,Emailing,726,3932,58.08
2025-02-15,Emailing,1113,6253,47.37
2025-02-16,Emailing,4976,8411,58.01
2025-02-17,Emailing,2674,7772,29.5
2025-02-18,Emailing,4278,602,47.58
2025-02-19,Emailing,4075,3919,40.43
2025-02-20,Emailing,2746,4721,46.2
2025-02-21,Emailing,260,9181,37.78
2025-02-22,Emailing,4084,3893,28.59
2025-02-23,Emailing,2711,1851,60.01
2025-02-24,Emailing,1695,8753,60.14
2025-02-25,Emailing,4993,8004,35.86
2025-02-26,Emailing,3372,7866,54.63
2025-02-27,Emailing,4741,8260,77.7
2025-02-28,Emailing,2955,3087,52.23
2025-03-01,Emailing,3378,7621,38.84
2025-03-02,Emailing,1408,7927,38.51
2025-03-03,Emailing,2881,2457,69.87
2025-03-04,Emailing,484,8123,49.31
2025-03-05,Emailing,2560,6370,35.8
2025-03-06,Emailing,2129,2364,57.85
2025-03-07,Emailing,4929,9990,71.89
2025-03-08,Emailing,2718,626,63.65
2025-03-09,Emailing,1615,2445,25.18
2025-03-10,Emailing,4850,8547,40.5
2025-03-11,Emailing,2860,5445,68.76
2025-03-12,Emailing,4802,3428,45.1
2025-03-13,Emailing,4255,8793,79.92
2025-03-14,Emailing,3205,9010,40.52
2025-03-15,Emailing,2849,3573,74.45
2025-03-16,Emailing,4211,1024,47.57
2025-03-17,Emailing,1123,4288,76.16
2025-03-18,Emailing,4675,4011,45.28
2025-03-19,Emailing,131,2257,48.11
2025-03-20,Emailing,2547,9954,52.45
2025-03-21,Emailing,1848,6617,22.39
2025-03-22,Emailing,639,6640,25.04
2025-03-23,Emailing,3037,4860,71.27
2025-03-24,Emailing,4984,8404,35.91
2025-03-25,Emailing,1339,2910,57.64
2025-03-26,Emailing,4572,1519,35.6
2025-03-27,Emailing,121,2553,41.12
2025-03-28,Emailing,4220,1764,56.26
2025-03-29,Emailing,1681,7077,40.32
2025-03-30,Emailing,1165,9565,63.55
2025-03-31,Emailing,2692,7041,50.99
2025-04-01,Emailing,2654,2545,65.4
2025-04-02,Emailing,445,6366,32.84
2025-04-03,Emailing,2073,9903,58.7
2025-04-04,Emailing,566,7113,38.8
2025-04-05,Emailing,2645,917,41.19
2025-04-06,Emailing,3483,7663,31.2
2025-04-07,Emailing,252,4670,27.71
2025-04-08,Emailing,4397,7261,72.88
2025-04-09,Emailing,4755,2549,76.78
2025-04-10,Emailing,3990,8751,43.61
2025-04-11,Emailing,4302,6571,65.81
2025-04-12,Emailing,2611,9106,68.21
2025-04-13,Emailing,3058,1077,28.51
2025-04-14,Emailing,2516,2750,76.35
2025-04-15,Emailing,1700,1713,68.49
2025-04-16,Emailing,3625,598,67.38
2025-04-17,Emailing,919,1455,75.47
2025-04-18,Emailing,246,502,41.17
2025-04-19,Emailing,3086,5658,73.2
2025-04-20,Emailing,4713,4611,79.88
2025-04-21,Emailing,3542,1807,33.88
2025-04-22,Emailing,4647,1094,27.29
2025-04-23,Emailing,1773,4056,26.53
2025-04-24,Emailing,4827,8684,42.65
2025-04-25,Emailing,270,4663,68.53
2025-04-26,Emailing,4762,5087,65.05
2025-04-27,Emailing,480,8984,31.84
2025-04-28,Emailing,2778,6998,52.08
2025-04-29,Emailing,3417,2143,41.69
2025-04-30,Emailing,843,4062,69.91
2025-05-01,Emailing,1772,3997,68.25
2025-05-02,Emailing,790,8581,68.61
2025-05-03,Emailing,820,7572,51.52
2025-05-04,Emailing,4428,1976,68.45
2025-05-05,Emailing,980,646,64.0
2025-05-06,Emailing,657,9171,51.49
2025-05-07,Emailing,3625,4394,66.37
2025-05-08,Emailing,2706,4167,42.61
2025-05-09,Emailing,4639,8739,66.79
2025-05-10,Emailing,668,638,57.4
2025-05-11,Emailing,2210,9460,71.71
2025-05-12,Emailing,4669,3999,73.54
2025-05-13,Emailing,4200,3630,43.32
2025-05-14,Emailing,4085,7248,37.27
2025-05-15,Emailing,2736,6194,36.81
2025-05-16,Emailing,4622,5759,39.57
2025-05-17,Emailing,4206,6008,23.04
2025-05-18,Emailing,993,7817,75.87
2025-05-19,Emailing,2127,5249,27.44
2025-05-20,Emailing,1891,9155,72.68
2025-05-21,Emailing,2198,9980,49.25
2025-05-22,Emailing,1519,6192,74.02
2025-05-23,Emailing,2520,9901,75.96
2025-05-24,Emailing,4635,3155,69.27
2025-05-25,Emailing,1078,5348,44.42
2025-05-26,Emailing,2020,6060,44.75
2025-05-27,Emailing,1777,5819,77.99
2025-05-28,Emailing,3508,7515,40.21
2025-05-29,Emailing,521,3890,44.67
2025-05-30,Emailing,279,895,37.45
2025-05-31,Emailing,1530,2736,50.82
2025-06-01,Emailing,2724,9054,56.63
